CustomerID,Age,Gender,Tenure_Months,Contract_Type,Monthly_Charge,Total_Charges,Num_Support_Tickets,Avg_Monthly_Usage_Hrs,Num_Referrals,Has_Premium_Support,Has_Online_Backup,Payment_Method,Churned
CUST-00001,56,Male,21,Month-to-Month,96.32,2063.17,1,244.5,0,0,0,Bank Transfer,0
CUST-00002,69,Female,69,Month-to-Month,100.22,6885.23,2,87.4,0,0,0,Cash,0
CUST-00003,46,Female,48,One-Year,58.51,2775.6,4,297.4,0,0,1,Digital Wallet,0
CUST-00004,32,Male,20,One-Year,61.79,1238.26,0,245.0,1,0,0,Credit Card,0
CUST-00005,60,Female,67,One-Year,24.45,1672.37,1,212.5,0,0,1,Cash,0
CUST-00006,25,Female,44,Two-Year,48.91,2148.71,2,18.9,2,0,0,Credit Card,0
CUST-00007,38,Female,33,One-Year,65.13,2187.99,0,271.3,4,0,0,Digital Wallet,0
CUST-00008,56,Male,61,Month-to-Month,31.7,1964.59,1,237.1,0,1,0,Credit Card,0
CUST-00009,36,Female,9,Month-to-Month,65.33,577.12,1,69.1,1,0,1,Digital Wallet,1
CUST-00010,40,Female,68,One-Year,105.32,7074.4,1,118.0,0,0,1,Credit Card,0
CUST-00011,28,Male,35,One-Year,78.13,2709.37,2,81.0,1,0,1,Digital Wallet,0
CUST-00012,28,Male,65,One-Year,27.89,1899.99,1,295.3,1,0,0,Digital Wallet,0
CUST-00013,41,Female,8,One-Year,39.17,330.36,0,256.3,0,1,0,Credit Card,0
CUST-00014,53,Female,45,Month-to-Month,67.45,3003.27,0,279.1,1,0,1,Cash,0
CUST-00015,57,Male,47,Month-to-Month,56.15,2651.58,4,236.7,1,1,1,Credit Card,0
CUST-00016,41,Male,40,Month-to-Month,55.87,2268.63,1,137.2,1,0,1,Cash,0
CUST-00017,20,Female,54,Month-to-Month,72.93,3906.27,1,62.0,0,1,0,Bank Transfer,0
CUST-00018,39,Female,46,Month-to-Month,78.44,3670.01,1,62.8,0,0,1,Digital Wallet,0
CUST-00019,19,Female,47,One-Year,99.69,4710.21,1,45.9,0,0,0,Digital Wallet,1
CUST-00020,41,Female,15,One-Year,54.1,756.5,3,164.2,0,0,0,Credit Card,0
CUST-00021,61,Male,19,Month-to-Month,100.55,1953.27,0,276.0,1,0,0,Credit Card,0
CUST-00022,47,Female,26,Month-to-Month,53.86,1379.88,2,297.5,0,0,1,Bank Transfer,1
CUST-00023,55,Female,52,Month-to-Month,25.54,1319.12,2,86.5,1,0,1,Digital Wallet,0
CUST-00024,19,Male,22,Month-to-Month,75.42,1608.44,1,209.3,1,1,0,Cash,0
CUST-00025,38,Female,21,One-Year,78.79,1686.16,3,179.3,1,0,0,Credit Card,0
CUST-00026,50,Male,51,One-Year,113.45,5778.51,2,146.9,1,0,0,Bank Transfer,0
CUST-00027,29,Female,38,One-Year,92.61,3552.87,1,199.9,2,0,0,Digital Wallet,0
CUST-00028,39,Female,20,One-Year,111.78,2208.05,1,111.7,0,0,0,Bank Transfer,0
CUST-00029,61,Male,29,One-Year,110.83,3180.8,1,283.4,1,0,0,Cash,0
CUST-00030,42,Male,51,Month-to-Month,80.46,4066.14,2,211.8,3,0,1,Credit Card,0
CUST-00031,66,Female,4,Month-to-Month,72.78,310.92,3,226.4,0,0,0,Bank Transfer,0
CUST-00032,44,Female,55,Month-to-Month,75.74,4131.68,1,73.1,1,1,0,Digital Wallet,0
CUST-00033,59,Female,71,Two-Year,117.83,8355.77,2,51.0,0,1,1,Credit Card,0
CUST-00034,45,Male,28,Month-to-Month,97.32,2699.04,2,118.6,0,0,0,Digital Wallet,1
CUST-00035,33,Female,4,Month-to-Month,30.63,144.52,0,230.1,0,0,1,Credit Card,0
CUST-00036,32,Male,22,Two-Year,97.84,2065.71,3,281.7,2,0,0,Bank Transfer,0
CUST-00037,64,Male,45,Two-Year,37.05,1679.6,0,128.5,0,0,1,Digital Wallet,0
CUST-00038,68,Female,67,One-Year,64.74,4424.15,1,232.4,3,0,0,Credit Card,0
CUST-00039,61,Male,66,Month-to-Month,41.05,2771.1,1,141.4,1,0,1,Credit Card,0
CUST-00040,69,Female,34,Month-to-Month,88.96,2993.81,1,88.9,3,0,0,Cash,0
CUST-00041,20,Female,55,Month-to-Month,107.73,5949.88,2,221.9,1,0,1,Cash,0
CUST-00042,54,Female,1,Month-to-Month,49.04,64.07,1,239.6,2,0,0,Cash,0
CUST-00043,68,Female,38,Month-to-Month,28.2,1145.07,5,61.3,0,0,0,Cash,0
CUST-00044,24,Female,6,Month-to-Month,49.85,173.59,0,91.9,3,0,0,Credit Card,0
CUST-00045,38,Male,25,Two-Year,87.24,2236.64,1,148.7,1,0,1,Credit Card,0
CUST-00046,26,Male,17,Month-to-Month,52.88,885.58,1,56.4,1,1,1,Credit Card,0
CUST-00047,56,Female,61,One-Year,47.81,2879.25,1,278.7,1,1,0,Cash,0
CUST-00048,35,Female,12,One-Year,38.44,422.69,1,177.6,2,0,0,Digital Wallet,0
CUST-00049,21,Male,6,Month-to-Month,69.75,353.5,2,36.8,0,0,0,Digital Wallet,0
CUST-00050,42,Male,27,One-Year,47.59,1254.22,2,55.6,1,0,0,Cash,1
CUST-00051,31,Male,8,Month-to-Month,93.1,690.81,1,286.3,0,0,0,Bank Transfer,1
CUST-00052,67,Male,65,Month-to-Month,27.66,1806.91,1,221.6,2,1,1,Credit Card,0
CUST-00053,26,Female,57,One-Year,86.4,4954.3,4,220.5,0,0,1,Credit Card,0
CUST-00054,43,Female,40,Month-to-Month,43.76,1737.57,2,22.2,2,1,1,Credit Card,0
CUST-00055,19,Male,14,Two-Year,68.93,1040.01,1,268.6,2,0,0,Credit Card,0
CUST-00056,37,Female,35,Month-to-Month,48.61,1673.93,1,133.4,0,1,1,Bank Transfer,0
CUST-00057,45,Male,48,One-Year,92.28,4414.0,1,198.1,3,1,0,Digital Wallet,0
CUST-00058,64,Female,56,Month-to-Month,114.53,6390.03,0,287.9,0,1,0,Credit Card,0
CUST-00059,24,Male,49,Month-to-Month,111.71,5503.72,0,30.5,1,0,0,Digital Wallet,1
CUST-00060,61,Female,13,Month-to-Month,78.34,1053.4,3,144.9,0,1,0,Bank Transfer,0
CUST-00061,25,Male,61,One-Year,66.26,4066.63,2,15.4,1,0,1,Cash,0
CUST-00062,64,Male,49,Two-Year,101.83,4983.46,1,150.1,1,1,0,Digital Wallet,0
CUST-00063,52,Female,46,Two-Year,88.33,3996.15,1,76.1,0,0,1,Cash,0
CUST-00064,31,Male,62,Month-to-Month,38.36,2362.35,1,273.4,1,0,1,Credit Card,0
CUST-00065,34,Female,8,One-Year,102.09,890.63,3,119.8,1,1,0,Credit Card,0
CUST-00066,53,Female,43,One-Year,62.89,2754.93,0,190.3,0,1,0,Bank Transfer,0
CUST-00067,67,Male,20,One-Year,38.9,792.7,1,258.2,0,1,0,Credit Card,0
CUST-00068,57,Female,39,Month-to-Month,48.18,1859.8,1,295.1,0,0,0,Bank Transfer,0
CUST-00069,21,Female,49,One-Year,46.75,2290.07,0,151.4,0,1,1,Credit Card,0
CUST-00070,19,Female,64,Two-Year,71.92,4583.88,1,137.0,1,1,1,Bank Transfer,0
CUST-00071,23,Female,62,Month-to-Month,43.44,2752.93,0,23.2,0,0,0,Cash,0
CUST-00072,59,Female,54,Two-Year,32.36,1705.49,0,4.3,1,1,1,Credit Card,0
CUST-00073,21,Male,9,One-Year,32.37,337.51,0,182.8,1,0,0,Cash,0
CUST-00074,46,Female,37,Month-to-Month,78.33,2871.75,1,20.1,0,0,0,Credit Card,0
CUST-00075,35,Female,49,Month-to-Month,93.48,4646.57,2,114.4,2,0,0,Credit Card,0
CUST-00076,43,Female,41,Month-to-Month,52.15,2159.49,1,1.6,0,0,0,Bank Transfer,0
CUST-00077,61,Female,17,One-Year,23.47,361.52,1,184.8,0,1,0,Digital Wallet,0
CUST-00078,51,Female,21,Two-Year,32.72,671.65,1,127.9,0,0,0,Digital Wallet,0
CUST-00079,27,Male,51,Month-to-Month,111.47,5720.55,1,38.5,1,0,0,Digital Wallet,0
CUST-00080,53,Female,59,Two-Year,69.35,4066.69,2,89.3,1,0,0,Credit Card,0
CUST-00081,31,Male,39,Two-Year,65.36,2550.15,2,171.1,2,0,0,Credit Card,0
CUST-00082,48,Male,55,Month-to-Month,23.8,1283.35,0,197.2,0,0,0,Credit Card,0
CUST-00083,65,Male,41,Two-Year,92.86,3895.22,3,139.0,2,0,0,Credit Card,0
CUST-00084,32,Male,39,Two-Year,72.81,2936.14,3,241.3,3,0,1,Cash,0
CUST-00085,25,Female,13,One-Year,40.21,595.89,0,34.2,2,1,1,Cash,0
CUST-00086,31,Male,64,One-Year,31.01,1978.42,1,25.8,2,1,0,Credit Card,0
CUST-00087,40,Male,11,Two-Year,58.34,621.6,4,13.8,0,0,0,Digital Wallet,0
CUST-00088,57,Female,19,One-Year,103.72,1931.72,1,161.0,0,0,1,Bank Transfer,0
CUST-00089,38,Female,11,Month-to-Month,106.53,1248.62,1,212.0,4,0,0,Credit Card,0
CUST-00090,33,Female,46,Two-Year,80.28,3739.42,1,39.6,0,0,1,Bank Transfer,0
CUST-00091,62,Male,45,One-Year,92.75,4222.69,1,191.9,0,1,0,Bank Transfer,1
CUST-00092,35,Female,1,One-Year,31.52,19.02,1,143.3,0,0,0,Digital Wallet,0
CUST-00093,64,Female,40,Month-to-Month,78.81,3064.51,1,296.2,0,0,0,Credit Card,0
CUST-00094,41,Male,19,One-Year,86.7,1570.9,2,215.4,2,0,0,Cash,0
CUST-00095,43,Female,61,Month-to-Month,40.07,2447.15,1,197.4,3,1,1,Bank Transfer,0
CUST-00096,42,Female,12,Two-Year,108.02,1270.11,0,171.3,0,0,0,Credit Card,0
CUST-00097,62,Female,61,Month-to-Month,39.5,2377.61,1,299.2,1,0,1,Credit Card,0
CUST-00098,58,Female,33,Month-to-Month,51.35,1711.81,0,294.1,0,0,0,Digital Wallet,0
CUST-00099,46,Male,45,Month-to-Month,82.06,3743.38,0,161.7,1,0,1,Digital Wallet,0
CUST-00100,32,Female,69,Month-to-Month,83.84,5749.9,3,136.8,0,1,0,Digital Wallet,0
CUST-00101,62,Female,8,One-Year,89.94,654.24,1,138.9,1,0,0,Credit Card,0
CUST-00102,18,Male,25,Two-Year,31.2,746.13,0,128.8,0,1,1,Credit Card,0
CUST-00103,42,Female,46,Two-Year,104.95,4775.5,1,159.7,0,0,0,Bank Transfer,0
CUST-00104,24,Male,30,Month-to-Month,73.28,2228.04,3,82.4,1,0,1,Credit Card,0
CUST-00105,26,Female,47,Month-to-Month,67.13,3154.9,2,278.1,1,0,0,Digital Wallet,0
CUST-00106,41,Male,49,Two-Year,118.11,5881.41,1,147.3,0,1,1,Credit Card,0
CUST-00107,18,Male,47,Two-Year,94.04,4456.61,1,252.7,0,0,0,Credit Card,0
CUST-00108,61,Male,18,Month-to-Month,31.8,663.09,1,142.9,2,0,1,Credit Card,0
CUST-00109,25,Male,66,Month-to-Month,95.65,6242.71,1,215.6,0,0,1,Bank Transfer,1
CUST-00110,41,Female,68,Month-to-Month,29.52,1844.72,2,101.4,0,1,1,Digital Wallet,0
CUST-00111,28,Male,33,Two-Year,22.75,762.9,3,187.6,1,1,0,Digital Wallet,0
CUST-00112,68,Female,36,One-Year,60.36,2179.12,2,149.8,0,1,1,Digital Wallet,0
CUST-00113,34,Male,19,Month-to-Month,119.36,2261.7,0,110.5,0,0,1,Digital Wallet,0
CUST-00114,25,Male,28,Month-to-Month,37.49,1054.51,1,264.5,1,0,1,Credit Card,1
CUST-00115,52,Male,40,Two-Year,87.26,3434.2,0,34.3,1,0,1,Digital Wallet,0
CUST-00116,52,Female,15,Month-to-Month,37.34,588.26,2,146.3,0,0,0,Credit Card,0
CUST-00117,50,Male,41,Month-to-Month,92.48,3828.49,3,58.7,0,1,0,Digital Wallet,0
CUST-00118,22,Female,39,One-Year,70.54,2691.07,0,258.4,0,1,1,Digital Wallet,0
CUST-00119,59,Female,2,Month-to-Month,88.0,158.32,0,76.4,1,1,1,Digital Wallet,0
CUST-00120,56,Female,63,Month-to-Month,40.29,2523.68,1,190.2,0,0,0,Credit Card,1
CUST-00121,58,Female,29,Two-Year,94.56,2708.7,2,50.1,1,1,0,Cash,0
CUST-00122,45,Female,66,Two-Year,119.56,7832.9,1,121.8,2,1,1,Digital Wallet,0
CUST-00123,24,Female,51,Two-Year,86.57,4415.7,2,269.9,2,0,0,Digital Wallet,0
CUST-00124,26,Female,10,Two-Year,69.35,706.54,3,50.2,0,0,0,Credit Card,0
CUST-00125,25,Female,14,One-Year,112.32,1541.97,1,199.1,4,0,1,Bank Transfer,0
CUST-00126,29,Female,51,Two-Year,21.59,1046.55,3,61.8,3,0,1,Credit Card,0
CUST-00127,51,Male,39,Month-to-Month,92.99,3647.14,0,125.0,0,1,1,Bank Transfer,0
CUST-00128,50,Male,28,One-Year,108.87,3009.99,0,162.4,1,0,0,Bank Transfer,1
CUST-00129,65,Male,3,Two-Year,26.17,63.05,1,173.4,0,0,0,Cash,1
CUST-00130,40,Male,70,Month-to-Month,65.01,4528.9,0,181.0,1,0,1,Credit Card,0
CUST-00131,41,Male,27,Month-to-Month,40.47,1154.98,3,192.2,3,0,0,Digital Wallet,0
CUST-00132,54,Female,2,Month-to-Month,76.65,117.23,2,81.9,1,0,0,Credit Card,0
CUST-00133,52,Female,38,Month-to-Month,84.95,3314.38,0,120.7,2,1,1,Bank Transfer,0
CUST-00134,61,Female,3,Month-to-Month,50.26,188.4,2,11.7,1,0,1,Cash,1
CUST-00135,57,Female,16,Two-Year,66.0,1147.04,1,230.7,0,1,0,Digital Wallet,0
CUST-00136,39,Female,40,Two-Year,47.93,1950.43,0,251.2,0,1,0,Bank Transfer,0
CUST-00137,44,Female,2,Month-to-Month,56.94,102.83,4,60.2,1,0,0,Credit Card,1
CUST-00138,52,Female,41,Month-to-Month,35.95,1428.08,1,60.8,1,1,0,Bank Transfer,0
CUST-00139,18,Male,12,Month-to-Month,108.56,1284.95,1,13.1,0,0,0,Credit Card,0
CUST-00140,52,Male,35,Two-Year,21.0,809.36,0,291.1,1,0,0,Bank Transfer,0
CUST-00141,54,Male,65,Month-to-Month,108.24,7033.2,2,242.3,1,0,0,Credit Card,0
CUST-00142,64,Male,55,Month-to-Month,77.17,4277.4,1,108.5,0,0,1,Digital Wallet,0
CUST-00143,31,Female,45,Month-to-Month,53.17,2403.0,0,144.8,3,0,0,Credit Card,0
CUST-00144,20,Female,62,Month-to-Month,92.31,5735.7,3,87.9,1,1,1,Credit Card,0
CUST-00145,18,Female,49,Month-to-Month,70.78,3482.63,0,179.4,0,0,1,Digital Wallet,0
CUST-00146,22,Male,25,Two-Year,69.91,1772.52,3,215.3,1,0,1,Cash,0
CUST-00147,43,Female,23,One-Year,31.01,672.52,4,134.5,0,1,1,Cash,0
CUST-00148,31,Female,24,One-Year,58.95,1401.05,3,262.1,1,1,1,Digital Wallet,0
CUST-00149,56,Female,38,Month-to-Month,44.11,1691.65,2,155.3,0,0,1,Credit Card,0
CUST-00150,44,Male,28,One-Year,21.57,612.13,0,43.7,0,0,0,Credit Card,0
CUST-00151,26,Female,21,One-Year,56.01,1153.15,3,186.9,2,0,1,Cash,0
CUST-00152,32,Male,54,Month-to-Month,28.98,1585.75,1,138.9,1,0,0,Cash,1
CUST-00153,32,Male,18,One-Year,45.68,783.68,0,280.7,1,0,1,Digital Wallet,0
CUST-00154,43,Male,36,Month-to-Month,29.25,991.85,3,117.9,1,1,0,Credit Card,0
CUST-00155,59,Male,45,Two-Year,30.09,1368.8,1,121.2,1,0,0,Credit Card,0
CUST-00156,30,Female,53,Month-to-Month,39.9,2054.78,0,195.4,0,0,1,Cash,0
CUST-00157,68,Male,30,Two-Year,119.98,3613.41,4,158.3,3,1,0,Credit Card,0
CUST-00158,49,Male,60,Month-to-Month,20.22,1115.47,1,112.6,1,0,1,Digital Wallet,0
CUST-00159,56,Female,32,One-Year,83.87,2647.59,0,296.9,0,0,1,Cash,0
CUST-00160,66,Female,67,One-Year,34.12,2269.66,2,91.0,0,0,1,Digital Wallet,0
CUST-00161,69,Male,67,One-Year,112.06,7427.69,0,83.6,1,1,0,Credit Card,0
CUST-00162,49,Female,28,Month-to-Month,29.36,803.45,2,259.4,1,1,0,Credit Card,0
CUST-00163,21,Male,44,Month-to-Month,115.51,5141.69,1,1.5,1,1,1,Credit Card,0
CUST-00164,47,Male,41,One-Year,81.09,3261.17,1,60.8,1,0,1,Digital Wallet,0
CUST-00165,54,Male,63,Month-to-Month,20.13,1250.92,0,177.3,1,1,1,Bank Transfer,0
CUST-00166,40,Male,23,Month-to-Month,109.4,2601.33,3,49.2,2,0,1,Credit Card,0
CUST-00167,56,Female,48,One-Year,72.17,3411.07,0,295.7,0,0,1,Credit Card,0
CUST-00168,62,Male,32,One-Year,46.27,1550.5,1,139.5,1,0,0,Credit Card,0
CUST-00169,32,Female,57,Month-to-Month,96.73,5499.66,0,179.4,0,0,1,Cash,0
CUST-00170,60,Female,33,Month-to-Month,112.67,3723.21,2,48.5,1,0,0,Digital Wallet,0
CUST-00171,46,Female,24,Month-to-Month,68.37,1705.45,1,87.2,0,0,0,Bank Transfer,0
CUST-00172,53,Female,39,One-Year,51.56,1986.59,1,184.6,1,0,1,Cash,0
CUST-00173,30,Male,34,One-Year,98.89,3393.81,2,165.1,0,0,0,Digital Wallet,0
CUST-00174,49,Female,56,Two-Year,88.18,4982.31,3,235.4,1,1,1,Digital Wallet,0
CUST-00175,24,Male,28,Two-Year,108.88,3016.1,1,81.1,3,1,0,Digital Wallet,0
CUST-00176,68,Female,37,Month-to-Month,89.25,3264.18,5,196.2,0,0,0,Digital Wallet,1
CUST-00177,39,Female,7,Month-to-Month,44.35,299.02,2,87.6,1,0,0,Credit Card,0
CUST-00178,45,Male,68,Month-to-Month,113.17,7685.69,1,176.2,2,0,1,Bank Transfer,1
CUST-00179,19,Male,37,Month-to-Month,30.48,1073.81,0,181.7,1,0,0,Digital Wallet,1
CUST-00180,59,Male,56,Two-Year,46.79,2588.16,2,37.0,1,1,1,Credit Card,0
CUST-00181,62,Female,65,One-Year,72.02,4507.95,3,164.8,1,0,1,Credit Card,0
CUST-00182,23,Female,65,Month-to-Month,76.57,4960.34,4,4.1,1,0,0,Credit Card,1
CUST-00183,45,Male,47,Month-to-Month,21.53,1056.63,1,150.6,4,0,1,Credit Card,0
CUST-00184,45,Male,20,One-Year,98.06,1877.87,1,209.4,2,1,1,Credit Card,0
CUST-00185,61,Male,19,One-Year,56.16,1043.88,1,22.3,1,0,1,Digital Wallet,0
CUST-00186,61,Male,29,Month-to-Month,60.64,1880.68,0,281.6,1,1,1,Credit Card,0
CUST-00187,37,Female,60,Two-Year,100.94,6055.27,1,137.9,1,0,0,Credit Card,0
CUST-00188,47,Male,18,One-Year,57.93,1110.58,3,281.6,0,1,0,Cash,0
CUST-00189,28,Male,35,Month-to-Month,24.72,814.6,1,32.7,0,1,1,Digital Wallet,0
CUST-00190,45,Male,43,Two-Year,37.64,1640.96,1,285.0,0,0,0,Credit Card,0
CUST-00191,42,Male,11,Month-to-Month,115.59,1212.38,3,33.2,1,1,1,Bank Transfer,1
CUST-00192,56,Female,49,Two-Year,27.04,1345.01,1,138.7,0,1,0,Digital Wallet,0
CUST-00193,50,Male,38,Two-Year,55.49,2150.73,1,281.4,3,1,0,Digital Wallet,0
CUST-00194,18,Female,64,One-Year,70.32,4530.73,1,70.2,0,1,1,Credit Card,0
CUST-00195,44,Male,69,One-Year,69.33,4766.52,4,10.9,0,0,0,Cash,0
CUST-00196,69,Male,8,Month-to-Month,20.4,176.95,4,238.0,0,0,0,Digital Wallet,1
CUST-00197,30,Female,34,Two-Year,70.12,2398.3,0,179.0,2,1,1,Cash,0
CUST-00198,58,Male,48,One-Year,58.38,2835.54,1,154.4,0,0,0,Credit Card,0
CUST-00199,20,Female,56,One-Year,117.21,6557.57,3,10.8,1,1,0,Credit Card,0
CUST-00200,56,Female,65,Two-Year,35.92,2381.36,1,196.1,2,0,0,Credit Card,0
CUST-00201,23,Male,31,Two-Year,55.42,1789.75,1,51.9,1,0,0,Credit Card,0
CUST-00202,25,Female,4,Two-Year,61.95,231.91,2,279.4,2,1,0,Credit Card,0
CUST-00203,44,Female,50,Month-to-Month,59.07,2955.82,1,205.9,1,1,1,Credit Card,0
CUST-00204,26,Female,69,Two-Year,86.58,5928.78,1,212.3,1,0,1,Digital Wallet,0
CUST-00205,54,Female,30,One-Year,41.55,1263.51,1,70.2,0,0,1,Credit Card,0
CUST-00206,50,Female,59,Two-Year,42.11,2501.82,1,264.3,0,1,0,Credit Card,0
CUST-00207,68,Female,67,One-Year,92.92,6228.54,2,161.6,2,1,1,Cash,0
CUST-00208,59,Female,45,Month-to-Month,70.03,3158.02,2,257.2,0,0,1,Credit Card,0
CUST-00209,61,Female,4,Month-to-Month,61.52,342.17,0,81.6,1,0,0,Bank Transfer,1
CUST-00210,41,Male,26,One-Year,36.92,815.58,1,226.8,0,0,0,Digital Wallet,0
CUST-00211,32,Male,27,One-Year,38.75,1021.42,0,172.6,0,1,1,Cash,0
CUST-00212,49,Female,46,Month-to-Month,21.06,951.57,1,15.0,0,0,1,Cash,1
CUST-00213,49,Male,64,One-Year,29.14,1937.81,1,121.9,1,0,0,Bank Transfer,0
CUST-00214,41,Female,51,Month-to-Month,75.68,3883.44,2,55.6,2,0,0,Cash,0
CUST-00215,58,Female,50,Two-Year,109.19,5484.48,0,108.1,0,0,0,Bank Transfer,0
CUST-00216,69,Male,6,Month-to-Month,48.72,355.31,2,115.3,2,0,0,Digital Wallet,1
CUST-00217,66,Female,59,Month-to-Month,52.77,3104.43,2,142.7,0,0,0,Credit Card,0
CUST-00218,66,Female,15,Month-to-Month,31.56,506.02,4,180.3,0,1,0,Digital Wallet,0
CUST-00219,69,Female,30,Month-to-Month,58.86,1739.26,2,171.5,1,0,1,Bank Transfer,0
CUST-00220,29,Female,42,Month-to-Month,23.72,943.57,1,12.2,1,0,1,Digital Wallet,0
CUST-00221,56,Male,37,Month-to-Month,111.76,4224.83,0,225.3,1,0,1,Digital Wallet,1
CUST-00222,19,Female,42,Month-to-Month,87.31,3685.47,1,284.8,1,1,1,Credit Card,0
CUST-00223,20,Female,35,Two-Year,119.07,4199.68,1,104.9,0,1,0,Credit Card,0
CUST-00224,66,Female,6,Two-Year,108.28,595.67,1,54.3,2,0,0,Digital Wallet,0
CUST-00225,54,Male,68,Month-to-Month,67.3,4601.92,0,162.2,1,0,0,Credit Card,0
CUST-00226,66,Female,18,Two-Year,71.97,1384.37,1,211.6,1,0,0,Credit Card,0
CUST-00227,34,Male,29,Month-to-Month,39.06,1118.87,1,203.8,0,1,1,Digital Wallet,0
CUST-00228,66,Male,59,One-Year,66.2,3843.01,4,183.8,3,0,1,Cash,0
CUST-00229,19,Female,47,One-Year,110.3,5193.3,2,44.3,1,0,0,Credit Card,0
CUST-00230,19,Female,17,Month-to-Month,25.09,374.74,0,251.1,3,1,0,Bank Transfer,1
CUST-00231,45,Male,22,Month-to-Month,106.36,2262.03,0,128.0,1,0,0,Credit Card,0
CUST-00232,40,Female,68,Month-to-Month,54.09,3641.38,2,66.8,0,0,0,Bank Transfer,0
CUST-00233,54,Male,69,Month-to-Month,109.95,7561.92,1,26.3,1,0,0,Credit Card,0
CUST-00234,49,Male,37,One-Year,114.09,4171.97,1,125.3,0,0,0,Digital Wallet,0
CUST-00235,50,Female,49,Month-to-Month,87.09,4333.73,4,185.6,0,0,0,Digital Wallet,0
CUST-00236,18,Female,13,Month-to-Month,86.44,1218.2,0,199.8,0,0,0,Credit Card,0
CUST-00237,36,Male,34,Month-to-Month,65.28,2250.42,3,288.8,0,1,1,Digital Wallet,0
CUST-00238,19,Male,53,Month-to-Month,103.55,5507.36,0,46.4,0,0,1,Bank Transfer,1
CUST-00239,61,Male,51,One-Year,116.16,5917.06,1,295.7,1,0,1,Credit Card,0
CUST-00240,43,Male,3,Month-to-Month,97.51,247.71,0,196.6,0,0,0,Bank Transfer,1
CUST-00241,49,Female,42,Two-Year,82.19,3532.13,2,136.5,0,0,1,Bank Transfer,0
CUST-00242,23,Female,32,Month-to-Month,80.68,2578.62,2,266.5,1,1,1,Credit Card,0
CUST-00243,49,Female,51,Month-to-Month,104.95,5329.32,2,208.5,0,1,0,Digital Wallet,0
CUST-00244,21,Female,46,One-Year,74.12,3460.26,3,104.9,0,1,0,Digital Wallet,0
CUST-00245,28,Female,21,Month-to-Month,100.39,2104.51,4,265.3,0,0,0,Digital Wallet,0
CUST-00246,34,Male,44,One-Year,70.89,3168.02,3,200.2,1,0,0,Bank Transfer,0
CUST-00247,55,Female,11,One-Year,26.24,268.15,4,209.8,1,0,0,Credit Card,0
CUST-00248,41,Female,68,Month-to-Month,58.39,4021.4,5,269.0,2,0,1,Digital Wallet,0
CUST-00249,22,Female,1,Month-to-Month,64.44,113.43,1,134.8,0,0,0,Credit Card,0
CUST-00250,69,Female,63,Month-to-Month,34.16,2218.32,2,197.2,0,1,0,Digital Wallet,0
CUST-00251,51,Female,24,Month-to-Month,30.25,690.53,0,223.5,1,0,0,Digital Wallet,0
CUST-00252,23,Male,13,Month-to-Month,73.55,952.0,0,136.5,1,1,0,Digital Wallet,0
CUST-00253,39,Male,11,Month-to-Month,28.51,411.0,0,25.5,0,0,1,Bank Transfer,1
CUST-00254,28,Male,51,Month-to-Month,50.29,2552.47,0,231.5,0,0,1,Cash,0
CUST-00255,65,Female,17,One-Year,94.46,1646.37,1,14.8,0,0,0,Digital Wallet,0
CUST-00256,33,Male,24,One-Year,116.44,2909.09,0,215.5,0,0,0,Bank Transfer,0
CUST-00257,50,Male,19,One-Year,91.79,1651.56,0,273.3,0,1,1,Digital Wallet,0
CUST-00258,26,Female,37,Month-to-Month,119.26,4398.64,2,104.4,1,0,0,Credit Card,0
CUST-00259,23,Female,8,Month-to-Month,89.83,718.73,2,31.1,2,1,1,Bank Transfer,1
CUST-00260,33,Female,28,Two-Year,49.38,1292.7,1,70.2,1,0,1,Cash,0
CUST-00261,46,Male,5,One-Year,87.21,413.25,1,168.9,0,1,1,Credit Card,0
CUST-00262,20,Male,17,Two-Year,90.22,1485.17,1,282.8,1,1,0,Bank Transfer,0
CUST-00263,37,Female,36,Month-to-Month,57.17,2101.0,2,153.9,1,0,1,Bank Transfer,0
CUST-00264,53,Female,19,One-Year,21.77,327.0,1,34.3,2,0,1,Bank Transfer,0
CUST-00265,36,Male,64,One-Year,90.32,5874.95,1,188.5,1,0,1,Bank Transfer,0
CUST-00266,43,Male,11,Month-to-Month,22.17,278.36,0,220.0,0,0,0,Cash,0
CUST-00267,20,Female,54,Month-to-Month,83.12,4435.79,2,118.3,0,0,1,Credit Card,1
CUST-00268,36,Female,45,One-Year,36.36,1687.52,0,216.6,1,0,1,Digital Wallet,0
CUST-00269,37,Male,47,Month-to-Month,76.56,3628.17,1,97.8,1,0,1,Digital Wallet,0
CUST-00270,49,Female,12,Month-to-Month,70.39,842.74,1,236.8,0,1,0,Bank Transfer,0
CUST-00271,24,Male,21,One-Year,21.35,412.28,1,102.7,0,0,1,Credit Card,0
CUST-00272,69,Male,11,Two-Year,56.29,646.57,0,77.2,0,1,1,Bank Transfer,0
CUST-00273,58,Male,5,Month-to-Month,80.11,406.7,1,263.8,1,0,0,Cash,0
CUST-00274,50,Male,56,Month-to-Month,104.86,5837.7,2,164.8,1,0,0,Credit Card,1
CUST-00275,57,Female,20,Month-to-Month,108.86,2110.04,1,85.9,0,0,1,Digital Wallet,1
CUST-00276,56,Female,41,One-Year,68.38,2761.05,4,280.6,0,0,1,Cash,0
CUST-00277,35,Male,46,Month-to-Month,92.84,4245.48,1,207.4,0,1,1,Digital Wallet,0
CUST-00278,57,Male,12,Two-Year,51.65,677.92,1,66.6,4,1,0,Digital Wallet,0
CUST-00279,18,Male,70,Month-to-Month,54.22,3838.44,3,184.6,1,0,0,Cash,0
CUST-00280,28,Male,17,Month-to-Month,39.45,648.15,3,261.2,1,1,0,Credit Card,0
CUST-00281,45,Male,19,One-Year,76.19,1427.05,1,209.0,0,1,1,Digital Wallet,0
CUST-00282,42,Female,26,Two-Year,51.46,1387.53,1,73.8,1,1,0,Bank Transfer,0
CUST-00283,67,Female,48,Month-to-Month,28.44,1378.49,0,194.8,1,0,1,Bank Transfer,0
CUST-00284,40,Female,52,Month-to-Month,88.5,4614.67,2,185.9,1,1,1,Bank Transfer,0
CUST-00285,48,Female,70,Two-Year,90.78,6319.43,0,246.3,0,1,1,Credit Card,0
CUST-00286,47,Male,55,Month-to-Month,56.0,3073.83,2,53.9,1,0,0,Credit Card,0
CUST-00287,59,Male,33,Two-Year,27.67,913.32,0,210.0,3,0,1,Credit Card,0
CUST-00288,52,Male,62,Month-to-Month,62.63,3878.5,0,8.7,0,0,1,Credit Card,1
CUST-00289,24,Male,23,One-Year,64.23,1513.99,2,209.0,3,0,1,Credit Card,0
CUST-00290,33,Male,15,One-Year,86.87,1341.32,1,288.2,1,1,0,Digital Wallet,0
CUST-00291,43,Female,27,Month-to-Month,51.54,1345.63,2,52.7,2,1,0,Credit Card,0
CUST-00292,65,Male,64,Two-Year,88.26,5623.63,2,93.7,0,1,1,Bank Transfer,0
CUST-00293,69,Female,51,Month-to-Month,107.15,5430.28,2,175.1,1,0,0,Digital Wallet,1
CUST-00294,66,Female,53,Month-to-Month,43.75,2388.18,3,219.9,0,0,1,Credit Card,0
CUST-00295,19,Female,51,One-Year,117.89,6125.06,1,103.6,0,0,1,Cash,0
CUST-00296,18,Female,47,Month-to-Month,58.64,2732.9,2,199.4,0,1,1,Cash,0
CUST-00297,65,Male,4,One-Year,46.73,178.57,2,269.8,0,0,0,Credit Card,0
CUST-00298,29,Female,7,Month-to-Month,62.15,477.17,1,218.1,3,0,1,Cash,1
CUST-00299,22,Female,35,Month-to-Month,29.44,995.04,2,213.5,0,0,0,Digital Wallet,0
CUST-00300,54,Female,48,Month-to-Month,32.57,1606.61,1,114.9,3,0,0,Credit Card,0
CUST-00301,49,Male,45,Month-to-Month,61.44,2763.76,3,273.5,2,0,0,Digital Wallet,0
CUST-00302,26,Male,19,Month-to-Month,96.24,1741.37,2,83.6,0,0,1,Digital Wallet,1
CUST-00303,58,Male,63,One-Year,110.03,6866.87,2,62.0,2,1,1,Digital Wallet,0
CUST-00304,52,Female,38,Two-Year,86.48,3269.35,2,109.6,0,0,0,Digital Wallet,0
CUST-00305,36,Female,67,Two-Year,30.52,2105.99,1,195.2,0,1,0,Credit Card,1
CUST-00306,65,Male,59,Month-to-Month,87.2,5100.17,0,258.6,2,0,1,Cash,0
CUST-00307,33,Female,69,Month-to-Month,83.54,5737.55,1,40.1,0,1,1,Cash,0
CUST-00308,20,Male,13,Month-to-Month,100.58,1318.1,4,244.2,1,0,1,Digital Wallet,1
CUST-00309,37,Male,47,Month-to-Month,102.52,4735.0,1,243.9,1,1,1,Credit Card,0
CUST-00310,41,Female,61,One-Year,106.82,6530.95,1,176.3,2,1,1,Bank Transfer,1
CUST-00311,50,Female,31,Month-to-Month,61.41,1826.52,1,228.3,3,0,0,Digital Wallet,0
CUST-00312,41,Female,22,Month-to-Month,89.79,2003.74,0,55.0,1,1,0,Cash,0
CUST-00313,69,Female,43,Two-Year,46.83,1973.25,0,51.3,0,0,1,Cash,1
CUST-00314,28,Male,67,Month-to-Month,119.93,7988.21,3,258.9,1,1,1,Cash,0
CUST-00315,66,Male,54,Month-to-Month,37.53,2040.26,0,149.7,1,0,0,Bank Transfer,0
CUST-00316,25,Male,10,Month-to-Month,21.01,249.8,1,74.2,2,1,1,Cash,0
CUST-00317,53,Male,42,Month-to-Month,34.88,1483.77,1,206.8,1,1,0,Credit Card,0
CUST-00318,55,Male,64,Two-Year,97.59,6256.14,2,267.6,0,0,1,Bank Transfer,0
CUST-00319,57,Female,21,Month-to-Month,64.68,1369.37,1,189.9,0,0,1,Credit Card,0
CUST-00320,37,Male,66,Month-to-Month,64.75,4292.62,2,104.5,1,1,0,Cash,0
CUST-00321,52,Male,41,Month-to-Month,115.5,4757.9,1,145.2,2,1,0,Cash,1
CUST-00322,65,Male,24,Month-to-Month,111.96,2667.33,0,225.8,1,1,0,Credit Card,0
CUST-00323,42,Female,35,Month-to-Month,51.12,1821.93,0,20.7,2,0,1,Bank Transfer,0
CUST-00324,52,Female,56,Two-Year,40.91,2251.05,2,65.5,1,0,1,Cash,0
CUST-00325,42,Female,30,Two-Year,104.85,3200.07,3,139.0,0,0,1,Bank Transfer,0
CUST-00326,46,Female,57,One-Year,110.6,6343.32,2,181.5,1,0,0,Bank Transfer,0
CUST-00327,35,Male,47,Month-to-Month,74.16,3594.57,0,102.1,1,0,0,Bank Transfer,0
CUST-00328,63,Male,35,Two-Year,82.94,2928.59,0,89.9,2,0,0,Digital Wallet,0
CUST-00329,35,Female,19,One-Year,45.69,913.56,3,12.9,2,0,0,Cash,0
CUST-00330,19,Female,8,Month-to-Month,100.08,722.61,3,10.3,0,0,0,Bank Transfer,0
CUST-00331,52,Male,26,One-Year,83.21,2210.54,1,84.0,0,0,0,Credit Card,0
CUST-00332,33,Male,71,Month-to-Month,70.35,5053.67,2,159.4,0,1,0,Credit Card,0
CUST-00333,58,Female,30,Month-to-Month,26.01,855.54,1,167.1,0,0,1,Credit Card,0
CUST-00334,53,Female,7,One-Year,111.59,787.15,1,148.5,2,0,1,Bank Transfer,0
CUST-00335,50,Female,67,Month-to-Month,81.55,5446.76,2,123.3,0,0,0,Cash,0
CUST-00336,21,Female,65,One-Year,39.27,2498.07,2,76.1,0,0,1,Digital Wallet,0
CUST-00337,50,Male,36,Month-to-Month,80.64,2853.14,4,120.5,1,1,0,Cash,0
CUST-00338,31,Male,25,Two-Year,87.75,2192.47,3,42.1,1,0,0,Cash,0
CUST-00339,38,Male,37,Two-Year,72.58,2597.89,2,35.0,1,1,1,Bank Transfer,0
CUST-00340,65,Female,1,Two-Year,91.81,53.4,1,90.3,0,0,0,Bank Transfer,1
CUST-00341,37,Female,15,Month-to-Month,78.15,1176.73,3,298.6,0,1,0,Digital Wallet,0
CUST-00342,25,Male,37,Month-to-Month,114.78,4250.22,0,98.3,0,0,0,Credit Card,1
CUST-00343,24,Male,13,Month-to-Month,25.37,281.34,3,281.0,1,0,0,Digital Wallet,0
CUST-00344,20,Male,8,Month-to-Month,30.62,183.27,1,118.0,0,1,1,Bank Transfer,1
CUST-00345,34,Male,5,Month-to-Month,37.37,132.62,0,132.0,1,0,0,Digital Wallet,0
CUST-00346,50,Female,60,One-Year,89.02,5330.16,2,239.2,0,1,0,Bank Transfer,0
CUST-00347,65,Male,1,One-Year,84.56,191.05,1,28.5,2,0,1,Credit Card,0
CUST-00348,29,Male,36,Two-Year,109.21,3984.58,0,55.1,2,1,0,Digital Wallet,0
CUST-00349,68,Male,35,Month-to-Month,93.29,3275.86,0,292.2,1,1,0,Bank Transfer,0
CUST-00350,39,Male,66,Month-to-Month,70.84,4703.13,1,152.0,2,1,1,Credit Card,0
CUST-00351,39,Male,63,Month-to-Month,119.18,7559.13,1,13.8,1,0,0,Digital Wallet,0
CUST-00352,63,Male,23,Two-Year,46.61,1105.81,1,14.7,0,0,1,Credit Card,0
CUST-00353,47,Male,9,One-Year,103.32,914.47,3,272.2,0,1,1,Cash,0
CUST-00354,55,Female,34,Two-Year,62.68,2088.84,1,262.1,1,1,0,Credit Card,0
CUST-00355,55,Female,46,Two-Year,84.87,3897.76,0,137.8,0,0,0,Digital Wallet,0
CUST-00356,62,Female,4,One-Year,92.73,421.13,2,49.4,3,0,0,Bank Transfer,0
CUST-00357,68,Female,30,Month-to-Month,83.38,2487.88,3,249.2,2,0,1,Credit Card,0
CUST-00358,25,Male,3,Month-to-Month,34.05,46.92,1,97.7,0,1,0,Bank Transfer,0
CUST-00359,44,Female,14,One-Year,64.3,814.03,3,126.0,2,0,1,Digital Wallet,0
CUST-00360,44,Female,60,Month-to-Month,76.14,4562.35,1,204.9,0,0,1,Credit Card,0
CUST-00361,51,Male,45,Month-to-Month,104.9,4669.22,3,106.3,1,1,1,Credit Card,1
CUST-00362,38,Male,34,Two-Year,64.36,2166.41,1,188.8,0,1,1,Digital Wallet,0
CUST-00363,47,Female,45,Two-Year,111.87,5106.96,4,265.6,1,1,1,Credit Card,0
CUST-00364,50,Female,61,One-Year,64.04,3903.75,2,239.3,2,0,1,Digital Wallet,0
CUST-00365,45,Male,16,One-Year,74.88,1160.56,2,114.8,1,0,0,Digital Wallet,0
CUST-00366,64,Female,66,One-Year,99.63,6591.02,3,86.7,0,1,1,Credit Card,0
CUST-00367,50,Male,40,Month-to-Month,78.31,3228.45,1,86.0,1,1,1,Bank Transfer,0
CUST-00368,22,Male,17,Month-to-Month,116.02,1966.31,1,104.9,0,1,0,Bank Transfer,0
CUST-00369,65,Male,34,One-Year,86.03,2807.24,1,148.3,1,1,0,Digital Wallet,0
CUST-00370,36,Male,16,One-Year,72.27,1188.82,3,125.3,0,0,1,Credit Card,0
CUST-00371,21,Female,60,Month-to-Month,22.36,1358.92,1,40.3,0,1,0,Bank Transfer,0
CUST-00372,52,Male,66,Two-Year,61.37,4054.93,1,49.5,1,0,0,Credit Card,0
CUST-00373,66,Male,66,Month-to-Month,49.92,3283.76,4,103.2,0,0,0,Credit Card,0
CUST-00374,34,Female,13,Month-to-Month,94.81,1192.17,1,168.8,0,1,1,Bank Transfer,1
CUST-00375,61,Male,56,One-Year,40.83,2362.23,0,178.0,0,0,0,Credit Card,0
CUST-00376,45,Female,31,Month-to-Month,40.52,1164.2,2,146.1,1,0,1,Credit Card,0
CUST-00377,47,Female,34,Month-to-Month,38.95,1308.85,2,221.8,1,0,0,Credit Card,0
CUST-00378,46,Female,39,Month-to-Month,32.56,1253.22,3,221.3,0,0,0,Credit Card,0
CUST-00379,63,Male,67,One-Year,51.1,3466.37,1,128.6,0,1,0,Credit Card,0
CUST-00380,23,Female,8,Month-to-Month,108.59,930.5,2,37.8,0,1,1,Credit Card,1
CUST-00381,52,Female,55,One-Year,97.49,5350.61,1,159.3,0,0,1,Credit Card,0
CUST-00382,58,Male,27,One-Year,93.53,2534.96,1,114.7,0,0,1,Digital Wallet,0
CUST-00383,54,Female,53,Month-to-Month,99.73,5299.59,1,41.8,0,0,1,Credit Card,0
CUST-00384,41,Female,39,Two-Year,46.94,1883.33,1,294.6,1,0,0,Digital Wallet,0
CUST-00385,46,Female,65,Month-to-Month,108.74,7119.74,2,111.2,0,1,1,Bank Transfer,0
CUST-00386,66,Female,17,Two-Year,33.73,546.49,2,187.9,0,0,0,Digital Wallet,0
CUST-00387,63,Female,30,One-Year,53.63,1630.8,1,147.3,0,1,0,Credit Card,0
CUST-00388,48,Male,53,Two-Year,78.67,4188.67,2,43.3,1,0,1,Cash,0
CUST-00389,52,Female,13,Month-to-Month,30.29,387.97,3,17.1,0,0,1,Digital Wallet,0
CUST-00390,50,Female,21,Month-to-Month,93.01,1971.9,0,187.9,0,0,0,Credit Card,0
CUST-00391,69,Male,19,Month-to-Month,58.72,1116.69,1,74.5,0,0,1,Credit Card,0
CUST-00392,38,Male,53,Month-to-Month,98.44,5225.21,0,73.5,2,1,1,Digital Wallet,0
CUST-00393,49,Male,19,One-Year,69.29,1248.71,3,287.1,1,0,0,Cash,0
CUST-00394,40,Female,57,Month-to-Month,38.09,2125.23,5,138.8,0,0,0,Bank Transfer,0
CUST-00395,50,Male,25,One-Year,93.48,2377.89,0,9.3,0,1,1,Bank Transfer,0
CUST-00396,20,Female,31,Month-to-Month,45.21,1340.98,2,102.3,1,0,1,Credit Card,0
CUST-00397,35,Female,55,Month-to-Month,69.08,3822.91,0,175.6,1,0,0,Bank Transfer,0
CUST-00398,42,Male,23,One-Year,27.55,629.58,3,98.9,0,1,1,Credit Card,0
CUST-00399,59,Male,32,Month-to-Month,81.79,2668.81,2,8.5,3,0,1,Bank Transfer,0
CUST-00400,48,Female,62,One-Year,86.59,5401.02,0,133.6,0,1,0,Credit Card,0
CUST-00401,20,Male,10,One-Year,57.87,556.04,3,32.2,0,0,1,Credit Card,1
CUST-00402,57,Female,54,Two-Year,115.44,6222.6,0,185.9,0,0,0,Digital Wallet,0
CUST-00403,63,Male,52,Month-to-Month,107.42,5486.56,2,186.1,0,0,1,Digital Wallet,0
CUST-00404,41,Male,20,One-Year,90.79,1809.28,0,11.8,3,0,1,Credit Card,0
CUST-00405,67,Male,32,Two-Year,91.37,2860.33,4,87.6,2,0,1,Cash,0
CUST-00406,49,Female,14,One-Year,45.24,622.42,3,124.4,0,0,1,Credit Card,0
CUST-00407,64,Male,50,Month-to-Month,85.68,4252.1,1,165.3,1,1,1,Bank Transfer,0
CUST-00408,39,Female,28,One-Year,39.82,1071.13,1,89.2,1,1,1,Digital Wallet,0
CUST-00409,40,Female,53,One-Year,34.4,1882.59,1,86.7,0,0,0,Digital Wallet,0
CUST-00410,19,Female,24,One-Year,119.95,2814.99,0,294.9,1,0,1,Cash,0
CUST-00411,44,Female,22,Month-to-Month,82.24,1761.13,0,13.0,1,0,0,Credit Card,0
CUST-00412,59,Male,30,Month-to-Month,63.1,1858.09,2,296.7,2,1,0,Credit Card,0
CUST-00413,19,Female,63,Two-Year,48.82,3051.6,2,14.8,0,0,1,Digital Wallet,0
CUST-00414,43,Female,4,Month-to-Month,80.39,277.72,2,86.9,1,0,0,Credit Card,0
CUST-00415,34,Male,59,One-Year,24.96,1454.68,0,148.4,0,0,0,Credit Card,0
CUST-00416,57,Female,8,Month-to-Month,29.47,250.87,0,43.4,0,1,1,Bank Transfer,0
CUST-00417,50,Male,12,One-Year,23.29,312.97,1,40.9,1,0,0,Bank Transfer,0
CUST-00418,26,Female,31,Month-to-Month,69.92,2198.59,1,77.3,0,0,1,Bank Transfer,0
CUST-00419,60,Male,34,Month-to-Month,80.06,2626.63,0,292.1,2,0,0,Credit Card,0
CUST-00420,65,Female,49,Two-Year,26.25,1305.26,4,114.3,1,1,1,Credit Card,0
CUST-00421,56,Male,57,Two-Year,92.12,5272.93,2,170.0,0,1,0,Credit Card,0
CUST-00422,46,Female,26,One-Year,43.04,1085.92,1,211.4,0,1,1,Bank Transfer,0
CUST-00423,59,Female,18,Month-to-Month,88.52,1676.74,1,222.8,0,1,0,Credit Card,1
CUST-00424,43,Male,38,One-Year,118.19,4545.6,1,206.6,2,0,1,Cash,0
CUST-00425,52,Male,50,One-Year,89.11,4446.35,0,101.4,0,0,0,Credit Card,0
CUST-00426,67,Male,8,One-Year,108.32,836.76,0,34.0,1,1,0,Cash,0
CUST-00427,42,Male,41,Month-to-Month,114.82,4790.19,0,84.9,0,0,0,Bank Transfer,0
CUST-00428,41,Female,6,One-Year,68.68,411.13,1,63.5,2,0,1,Credit Card,1
CUST-00429,30,Female,69,One-Year,90.23,6230.12,0,41.3,1,1,1,Credit Card,0
CUST-00430,24,Male,44,Two-Year,105.2,4632.42,4,7.8,1,1,0,Credit Card,0
CUST-00431,53,Female,64,Month-to-Month,55.66,3677.4,0,280.7,1,1,1,Bank Transfer,0
CUST-00432,62,Male,29,One-Year,46.14,1327.23,1,276.3,0,1,1,Bank Transfer,0
CUST-00433,37,Male,28,One-Year,114.66,3209.3,2,15.6,0,0,0,Digital Wallet,0
CUST-00434,18,Female,11,Month-to-Month,92.63,977.38,2,52.3,0,1,0,Bank Transfer,0
CUST-00435,25,Female,65,Month-to-Month,41.97,2708.58,2,42.3,2,0,0,Digital Wallet,0
CUST-00436,63,Female,19,Month-to-Month,64.91,1181.72,1,84.7,1,1,0,Digital Wallet,0
CUST-00437,33,Female,9,Month-to-Month,99.65,856.31,4,61.6,0,0,0,Credit Card,1
CUST-00438,31,Female,27,Month-to-Month,74.71,1926.67,3,283.8,0,0,0,Digital Wallet,0
CUST-00439,29,Female,34,One-Year,85.0,2934.08,0,25.7,0,1,0,Digital Wallet,0
CUST-00440,68,Female,44,One-Year,95.38,4204.56,1,63.9,0,0,1,Cash,0
CUST-00441,40,Male,68,One-Year,82.2,5601.56,1,24.7,1,1,1,Credit Card,0
CUST-00442,32,Male,15,Two-Year,74.01,1107.53,1,294.1,2,0,1,Digital Wallet,0
CUST-00443,45,Male,51,Month-to-Month,94.96,4846.55,4,275.6,1,0,1,Cash,1
CUST-00444,51,Male,13,Month-to-Month,92.76,1286.84,0,215.1,0,0,0,Digital Wallet,0
CUST-00445,19,Male,49,One-Year,82.99,4028.07,4,128.1,0,0,0,Bank Transfer,0
CUST-00446,49,Female,70,Month-to-Month,55.98,3932.52,0,57.5,0,0,0,Cash,0
CUST-00447,40,Male,56,Month-to-Month,60.58,3406.13,2,66.8,2,0,1,Cash,0
CUST-00448,39,Male,51,Month-to-Month,117.04,6026.14,1,133.2,0,1,1,Digital Wallet,1
CUST-00449,68,Male,37,Month-to-Month,31.24,1177.81,1,230.6,0,0,0,Bank Transfer,0
CUST-00450,42,Male,17,Two-Year,46.85,820.9,3,79.8,1,0,0,Digital Wallet,0
CUST-00451,39,Male,58,Month-to-Month,69.24,3953.01,1,93.6,1,1,1,Credit Card,0
CUST-00452,39,Male,29,Month-to-Month,103.67,2965.98,2,180.2,0,0,1,Credit Card,0
CUST-00453,66,Male,33,Month-to-Month,36.37,1141.87,0,71.7,1,0,0,Cash,1
CUST-00454,69,Female,60,One-Year,47.7,2738.21,0,175.5,1,1,0,Digital Wallet,0
CUST-00455,59,Female,55,Month-to-Month,26.58,1481.76,1,116.4,0,1,1,Cash,0
CUST-00456,23,Male,10,One-Year,90.6,892.92,4,10.8,2,1,0,Bank Transfer,0
CUST-00457,32,Female,47,Month-to-Month,43.82,2079.49,4,121.1,0,1,1,Bank Transfer,0
CUST-00458,60,Female,23,Month-to-Month,58.87,1355.78,1,275.9,1,0,1,Cash,0
CUST-00459,54,Female,21,One-Year,64.37,1363.79,1,88.3,0,1,1,Credit Card,0
CUST-00460,50,Female,13,Month-to-Month,109.13,1485.6,1,97.2,0,1,0,Digital Wallet,0
CUST-00461,25,Male,33,Month-to-Month,61.13,2017.65,3,20.2,2,1,0,Bank Transfer,0
CUST-00462,61,Female,24,Month-to-Month,34.52,861.93,0,184.7,0,0,0,Credit Card,0
CUST-00463,61,Female,11,Two-Year,72.43,781.62,0,254.8,0,1,1,Credit Card,0
CUST-00464,22,Female,17,Month-to-Month,116.3,2018.34,2,106.2,0,0,1,Bank Transfer,0
CUST-00465,56,Male,68,One-Year,80.77,5430.38,3,72.5,1,1,1,Bank Transfer,0
CUST-00466,21,Male,47,Month-to-Month,118.34,5470.1,0,287.0,2,0,0,Credit Card,0
CUST-00467,23,Male,25,Month-to-Month,104.11,2708.08,1,223.6,0,1,1,Bank Transfer,0
CUST-00468,62,Male,21,Month-to-Month,23.6,587.42,1,170.4,1,0,0,Digital Wallet,0
CUST-00469,49,Male,12,Two-Year,85.84,932.8,0,92.0,2,0,0,Digital Wallet,0
CUST-00470,69,Male,37,Month-to-Month,48.68,1799.35,4,66.6,0,1,0,Credit Card,0
CUST-00471,47,Male,42,Month-to-Month,75.96,3197.82,0,214.9,0,0,0,Digital Wallet,0
CUST-00472,64,Female,17,Month-to-Month,47.93,850.96,0,156.8,2,1,1,Credit Card,0
CUST-00473,52,Female,48,Month-to-Month,54.89,2721.68,1,156.4,0,0,0,Credit Card,0
CUST-00474,57,Female,28,Month-to-Month,112.32,3091.89,0,22.6,1,1,0,Credit Card,0
CUST-00475,69,Male,41,One-Year,40.66,1616.68,1,153.9,0,0,0,Digital Wallet,0
CUST-00476,33,Male,47,Month-to-Month,107.41,5048.21,1,246.9,1,0,0,Credit Card,0
CUST-00477,30,Male,18,Month-to-Month,23.05,366.72,1,284.1,1,0,0,Credit Card,1
CUST-00478,67,Male,71,One-Year,29.09,1929.68,1,32.5,1,1,1,Credit Card,0
CUST-00479,59,Male,13,Month-to-Month,105.47,1359.75,2,189.5,0,1,1,Cash,0
CUST-00480,47,Female,13,Month-to-Month,83.06,1122.66,2,170.7,1,0,0,Cash,0
CUST-00481,36,Female,31,Month-to-Month,94.72,2935.3,0,267.1,1,0,1,Credit Card,0
CUST-00482,34,Male,2,One-Year,40.94,113.08,0,225.5,0,0,0,Credit Card,0
CUST-00483,36,Male,16,Month-to-Month,73.71,1203.41,0,289.6,0,1,0,Cash,0
CUST-00484,45,Male,9,Month-to-Month,93.72,792.13,0,288.0,1,1,1,Credit Card,1
CUST-00485,43,Male,38,Month-to-Month,82.73,3147.14,4,68.1,1,0,0,Credit Card,0
CUST-00486,54,Female,54,One-Year,67.17,3550.92,1,217.7,2,0,0,Credit Card,0
CUST-00487,43,Male,56,Month-to-Month,115.98,6469.28,2,159.4,0,0,0,Cash,0
CUST-00488,40,Male,45,One-Year,87.62,3945.42,1,64.8,0,1,0,Digital Wallet,0
CUST-00489,26,Male,34,Two-Year,110.78,3766.46,0,58.9,0,0,0,Credit Card,0
CUST-00490,29,Male,9,One-Year,92.98,772.27,2,24.8,0,1,0,Credit Card,0
CUST-00491,18,Female,8,Month-to-Month,93.55,693.95,1,238.8,1,0,0,Cash,1
CUST-00492,18,Male,7,Month-to-Month,28.0,210.55,0,97.7,0,0,1,Bank Transfer,0
CUST-00493,64,Male,36,Month-to-Month,55.95,2055.57,2,257.2,1,0,0,Bank Transfer,0
CUST-00494,51,Female,18,Month-to-Month,105.84,1894.77,2,182.7,0,1,0,Credit Card,0
CUST-00495,49,Female,3,Month-to-Month,43.26,116.93,0,202.3,2,1,0,Digital Wallet,0
CUST-00496,65,Female,28,One-Year,31.55,929.96,1,87.9,0,0,1,Credit Card,0
CUST-00497,42,Male,70,Month-to-Month,52.61,3644.1,2,137.5,0,0,0,Digital Wallet,0
CUST-00498,57,Male,44,Month-to-Month,42.04,1936.11,0,124.0,0,0,1,Credit Card,0
CUST-00499,62,Female,21,One-Year,112.53,2295.87,1,71.1,2,1,0,Credit Card,0
CUST-00500,18,Female,28,One-Year,106.8,3042.82,3,249.8,1,1,1,Bank Transfer,0
CUST-00501,33,Female,54,Month-to-Month,69.97,3805.34,5,186.8,1,0,0,Digital Wallet,0
CUST-00502,56,Female,54,Two-Year,26.13,1531.53,2,11.7,0,0,0,Bank Transfer,1
CUST-00503,22,Female,65,Month-to-Month,91.46,5888.84,0,246.1,0,1,0,Credit Card,0
CUST-00504,39,Female,21,One-Year,82.34,1612.44,1,32.3,0,1,1,Bank Transfer,0
CUST-00505,46,Male,13,One-Year,117.06,1584.25,2,121.4,2,0,1,Digital Wallet,0
CUST-00506,20,Male,57,One-Year,75.9,4252.73,2,171.6,1,0,0,Digital Wallet,0
CUST-00507,29,Male,49,One-Year,53.64,2659.15,3,2.8,2,1,0,Bank Transfer,0
CUST-00508,43,Female,54,Month-to-Month,71.9,3941.71,2,196.0,0,0,1,Credit Card,0
CUST-00509,33,Female,10,Month-to-Month,117.93,1198.29,3,198.1,1,0,1,Bank Transfer,1
CUST-00510,68,Female,53,One-Year,89.64,4762.53,4,195.9,1,0,1,Credit Card,0
CUST-00511,54,Female,44,Month-to-Month,87.2,3856.85,2,49.5,1,0,1,Cash,1
CUST-00512,39,Female,47,Two-Year,44.07,2113.16,0,77.1,0,0,0,Bank Transfer,0
CUST-00513,46,Female,53,Month-to-Month,94.36,5030.43,1,74.6,0,1,0,Bank Transfer,0
CUST-00514,31,Male,46,Month-to-Month,95.03,4310.55,0,288.0,0,0,1,Credit Card,0
CUST-00515,45,Male,13,Month-to-Month,51.73,763.74,0,20.7,1,0,1,Credit Card,0
CUST-00516,22,Female,37,Month-to-Month,68.37,2532.25,1,128.9,0,0,1,Bank Transfer,0
CUST-00517,64,Male,24,One-Year,49.46,1212.96,2,261.4,1,0,1,Credit Card,0
CUST-00518,66,Female,2,One-Year,45.87,127.29,1,231.0,2,1,1,Cash,0
CUST-00519,47,Male,14,One-Year,22.59,374.06,3,246.8,2,1,1,Bank Transfer,0
CUST-00520,63,Female,10,Two-Year,48.52,537.81,3,291.7,1,0,1,Credit Card,0
CUST-00521,69,Female,35,Two-Year,75.4,2645.59,2,116.5,0,1,1,Credit Card,0
CUST-00522,22,Male,25,Two-Year,20.16,507.37,0,93.2,2,0,0,Digital Wallet,0
CUST-00523,29,Male,3,Month-to-Month,48.32,165.39,3,9.7,0,0,1,Credit Card,1
CUST-00524,33,Female,17,One-Year,108.14,1893.38,1,45.4,3,0,1,Bank Transfer,0
CUST-00525,43,Female,12,Month-to-Month,79.36,896.69,3,168.8,2,0,0,Bank Transfer,0
CUST-00526,43,Male,54,Month-to-Month,80.79,4394.86,3,47.7,1,0,1,Credit Card,1
CUST-00527,65,Male,24,One-Year,60.34,1403.84,2,221.0,0,0,0,Digital Wallet,0
CUST-00528,38,Female,29,Month-to-Month,87.65,2634.41,1,11.7,2,0,1,Digital Wallet,0
CUST-00529,56,Male,43,Month-to-Month,38.99,1694.94,2,78.2,0,0,1,Cash,1
CUST-00530,53,Female,25,Month-to-Month,101.87,2525.95,0,208.8,2,0,1,Bank Transfer,1
CUST-00531,50,Female,60,Month-to-Month,31.67,1921.64,3,77.0,2,0,1,Bank Transfer,1
CUST-00532,47,Female,65,Two-Year,85.6,5564.46,1,218.8,1,1,0,Credit Card,0
CUST-00533,54,Female,28,Month-to-Month,54.11,1507.07,1,298.8,1,1,0,Bank Transfer,0
CUST-00534,40,Male,16,Month-to-Month,94.75,1425.54,1,239.2,1,0,1,Credit Card,0
CUST-00535,27,Male,47,Month-to-Month,74.98,3472.85,5,102.9,3,0,0,Digital Wallet,1
CUST-00536,22,Male,58,Month-to-Month,65.24,3776.9,2,270.2,1,1,1,Credit Card,0
CUST-00537,53,Male,27,Two-Year,36.94,912.96,0,15.8,0,0,0,Bank Transfer,0
CUST-00538,51,Male,53,Month-to-Month,83.68,4405.68,2,217.6,0,1,1,Credit Card,0
CUST-00539,69,Male,42,One-Year,117.48,4909.17,1,7.5,3,0,0,Digital Wallet,0
CUST-00540,48,Male,59,One-Year,102.56,6012.07,1,52.8,0,0,1,Bank Transfer,0
CUST-00541,27,Female,47,Two-Year,26.0,1260.62,4,296.3,1,0,1,Bank Transfer,0
CUST-00542,36,Male,34,One-Year,57.62,1915.07,4,108.6,0,1,0,Cash,0
CUST-00543,49,Male,37,Two-Year,112.56,4169.14,1,246.2,2,1,1,Digital Wallet,0
CUST-00544,18,Female,6,Month-to-Month,70.3,404.14,3,113.1,0,1,1,Credit Card,0
CUST-00545,22,Male,7,Month-to-Month,86.21,597.53,4,252.1,3,0,1,Bank Transfer,1
CUST-00546,62,Male,25,Month-to-Month,111.26,2861.82,3,289.6,0,1,0,Bank Transfer,0
CUST-00547,21,Female,33,Two-Year,107.38,3552.52,1,130.9,1,0,1,Digital Wallet,0
CUST-00548,33,Male,55,Month-to-Month,70.18,3878.55,1,168.0,1,1,0,Digital Wallet,1
CUST-00549,41,Male,58,Month-to-Month,63.76,3659.81,2,188.8,1,0,0,Credit Card,1
CUST-00550,33,Male,7,Month-to-Month,53.97,409.1,0,280.5,1,1,1,Digital Wallet,0
CUST-00551,19,Female,57,Month-to-Month,91.9,5267.5,1,77.4,0,1,0,Credit Card,0
CUST-00552,66,Male,12,Month-to-Month,48.7,608.78,1,183.6,1,0,0,Digital Wallet,1
CUST-00553,45,Male,16,Two-Year,44.99,659.38,4,97.8,0,0,1,Credit Card,0
CUST-00554,49,Female,43,Month-to-Month,55.62,2362.4,1,65.5,0,0,1,Credit Card,0
CUST-00555,44,Male,7,One-Year,37.72,335.72,1,25.9,2,0,0,Cash,0
CUST-00556,37,Female,51,One-Year,89.51,4530.62,1,186.4,2,0,1,Bank Transfer,0
CUST-00557,41,Female,32,Month-to-Month,81.62,2690.34,1,264.7,2,1,1,Cash,0
CUST-00558,29,Male,8,Month-to-Month,68.29,519.0,3,105.7,0,0,1,Credit Card,0
CUST-00559,67,Female,45,Month-to-Month,59.03,2663.76,1,166.0,0,0,1,Bank Transfer,0
CUST-00560,52,Female,59,Month-to-Month,110.91,6534.33,4,192.8,1,0,0,Digital Wallet,0
CUST-00561,50,Male,4,One-Year,22.91,49.4,0,124.7,0,0,1,Credit Card,0
CUST-00562,50,Female,67,Month-to-Month,96.91,6451.45,4,271.1,1,0,1,Credit Card,0
CUST-00563,68,Female,29,Month-to-Month,110.19,3160.3,0,109.1,3,0,1,Credit Card,0
CUST-00564,60,Male,29,One-Year,64.64,1881.96,0,37.9,0,0,0,Cash,0
CUST-00565,54,Male,28,Two-Year,75.07,2146.48,0,43.6,1,0,0,Digital Wallet,0
CUST-00566,29,Male,44,Two-Year,114.45,5039.96,1,267.3,1,1,0,Bank Transfer,0
CUST-00567,20,Female,4,Two-Year,41.23,163.25,2,296.4,0,0,1,Credit Card,0
CUST-00568,18,Male,9,One-Year,72.01,708.61,0,87.0,2,1,0,Credit Card,0
CUST-00569,50,Female,5,Month-to-Month,67.47,339.42,0,43.5,0,1,0,Bank Transfer,0
CUST-00570,57,Female,56,One-Year,45.84,2539.9,2,144.9,0,0,1,Cash,0
CUST-00571,27,Female,50,Month-to-Month,101.86,5043.11,3,213.0,0,0,1,Digital Wallet,1
CUST-00572,60,Female,15,One-Year,109.96,1712.92,3,183.9,1,0,0,Bank Transfer,0
CUST-00573,61,Female,32,One-Year,98.19,3125.61,5,285.4,0,1,1,Bank Transfer,0
CUST-00574,46,Female,28,Month-to-Month,39.54,1078.19,0,245.4,2,0,0,Cash,1
CUST-00575,30,Female,22,One-Year,28.67,597.49,1,260.8,1,1,0,Bank Transfer,0
CUST-00576,29,Male,17,Two-Year,80.54,1429.89,1,162.7,3,0,1,Cash,0
CUST-00577,48,Male,59,Month-to-Month,25.71,1488.24,0,98.5,1,0,0,Credit Card,0
CUST-00578,63,Female,71,Two-Year,87.28,6246.4,1,210.7,1,0,1,Digital Wallet,0
CUST-00579,19,Female,57,Month-to-Month,73.04,4151.76,0,132.0,0,0,0,Digital Wallet,0
CUST-00580,68,Male,26,One-Year,86.28,2182.86,1,86.7,2,0,0,Digital Wallet,0
CUST-00581,67,Female,25,Month-to-Month,79.02,1958.88,0,46.1,1,0,1,Bank Transfer,0
CUST-00582,52,Male,10,One-Year,62.27,621.06,3,158.6,0,1,1,Credit Card,0
CUST-00583,40,Male,45,Two-Year,40.09,1798.29,2,178.5,0,1,1,Credit Card,0
CUST-00584,34,Male,11,Two-Year,50.57,549.27,0,170.9,1,0,0,Cash,0
CUST-00585,43,Female,53,One-Year,72.45,3823.75,0,35.4,2,0,0,Credit Card,1
CUST-00586,25,Female,68,Month-to-Month,85.19,5753.67,4,171.2,1,0,0,Cash,1
CUST-00587,46,Male,28,Two-Year,97.95,2743.14,2,50.9,1,1,1,Digital Wallet,0
CUST-00588,43,Male,65,Month-to-Month,96.72,6313.85,2,199.3,1,0,1,Bank Transfer,1
CUST-00589,27,Male,49,Two-Year,117.27,5673.1,2,129.1,0,0,1,Cash,0
CUST-00590,43,Male,47,Month-to-Month,48.58,2348.21,0,254.7,0,0,1,Digital Wallet,0
CUST-00591,51,Male,52,Month-to-Month,27.11,1224.89,3,233.6,0,0,1,Bank Transfer,1
CUST-00592,68,Female,54,One-Year,54.57,2950.54,0,217.5,2,1,1,Credit Card,0
CUST-00593,58,Male,60,Month-to-Month,94.33,5683.1,2,210.4,1,1,0,Cash,0
CUST-00594,24,Female,57,Month-to-Month,63.81,3607.0,3,168.4,0,0,0,Digital Wallet,1
CUST-00595,21,Male,47,Month-to-Month,101.78,4677.37,0,18.8,0,1,0,Digital Wallet,0
CUST-00596,67,Female,31,Month-to-Month,74.93,2317.99,3,196.8,0,1,0,Digital Wallet,0
CUST-00597,62,Female,46,Month-to-Month,112.98,5205.56,0,140.3,1,0,0,Credit Card,0
CUST-00598,28,Female,26,Month-to-Month,114.79,2927.1,3,141.1,0,1,0,Cash,1
CUST-00599,46,Female,5,Month-to-Month,26.93,93.14,4,114.0,0,0,0,Credit Card,1
CUST-00600,53,Female,52,Month-to-Month,65.64,3461.42,0,278.8,1,1,0,Credit Card,0
CUST-00601,42,Female,54,One-Year,80.97,4378.26,0,75.2,0,0,0,Credit Card,0
CUST-00602,38,Male,33,Month-to-Month,45.59,1429.04,3,95.3,1,1,0,Credit Card,1
CUST-00603,53,Female,50,Two-Year,60.71,3057.99,2,288.9,0,0,0,Bank Transfer,0
CUST-00604,27,Male,38,Two-Year,87.77,3288.73,2,243.1,0,1,0,Credit Card,0
CUST-00605,54,Female,27,Month-to-Month,42.67,1113.35,2,4.7,1,0,0,Credit Card,0
CUST-00606,26,Female,15,One-Year,80.2,1212.88,2,271.9,2,0,1,Credit Card,0
CUST-00607,41,Male,61,Two-Year,89.74,5479.36,2,68.4,0,1,0,Digital Wallet,1
CUST-00608,52,Female,21,Two-Year,29.05,589.92,1,211.9,1,1,1,Bank Transfer,0
CUST-00609,66,Male,46,One-Year,69.75,3183.29,2,166.1,0,0,1,Bank Transfer,0
CUST-00610,52,Male,69,Month-to-Month,46.31,3182.85,1,161.3,2,0,0,Digital Wallet,0
CUST-00611,65,Male,6,One-Year,92.44,515.61,1,215.5,1,0,0,Bank Transfer,0
CUST-00612,53,Male,38,One-Year,38.96,1534.93,0,62.6,1,0,0,Credit Card,0
CUST-00613,35,Female,62,One-Year,109.22,6693.18,2,48.1,0,1,0,Cash,0
CUST-00614,66,Female,62,Month-to-Month,63.09,3899.54,0,195.7,2,0,1,Credit Card,0
CUST-00615,56,Male,46,Two-Year,39.8,1757.83,0,87.5,0,0,1,Credit Card,0
CUST-00616,49,Female,13,Two-Year,63.8,876.2,3,292.2,0,1,1,Digital Wallet,0
CUST-00617,41,Female,3,Month-to-Month,60.87,170.49,4,135.7,1,0,1,Digital Wallet,0
CUST-00618,40,Male,6,Month-to-Month,62.89,324.51,0,33.9,0,0,0,Digital Wallet,0
CUST-00619,49,Female,8,Month-to-Month,78.56,662.73,3,205.9,0,0,0,Credit Card,1
CUST-00620,54,Male,44,Two-Year,72.12,3058.68,1,92.2,0,1,1,Digital Wallet,0
CUST-00621,29,Male,33,One-Year,34.98,1168.38,1,45.0,2,1,1,Digital Wallet,0
CUST-00622,66,Female,50,One-Year,26.56,1385.56,0,127.1,1,0,0,Credit Card,0
CUST-00623,30,Female,11,Month-to-Month,92.94,1031.32,1,289.3,0,0,1,Credit Card,0
CUST-00624,40,Female,28,One-Year,75.97,2101.83,0,123.7,0,0,0,Digital Wallet,0
CUST-00625,42,Male,70,Month-to-Month,55.9,3850.89,0,104.5,0,1,0,Credit Card,0
CUST-00626,52,Male,41,Month-to-Month,100.84,4188.57,0,133.6,2,0,1,Credit Card,1
CUST-00627,58,Female,16,One-Year,58.81,987.33,0,4.1,0,0,1,Credit Card,0
CUST-00628,47,Female,68,Two-Year,99.6,6740.53,2,40.4,0,1,1,Credit Card,0
CUST-00629,34,Female,48,Two-Year,50.58,2396.91,2,255.0,2,0,0,Credit Card,1
CUST-00630,66,Female,56,Two-Year,27.28,1587.02,1,293.4,2,0,0,Credit Card,0
CUST-00631,37,Male,64,Month-to-Month,113.26,7275.22,3,47.8,0,0,0,Credit Card,1
CUST-00632,65,Female,59,Month-to-Month,59.46,3418.81,2,160.9,1,0,1,Cash,0
CUST-00633,42,Male,62,One-Year,99.27,6144.95,2,289.9,0,0,0,Credit Card,0
CUST-00634,39,Male,11,Two-Year,47.91,515.38,0,47.4,0,1,1,Bank Transfer,0
CUST-00635,30,Female,18,Month-to-Month,84.64,1535.9,1,56.3,2,0,0,Cash,1
CUST-00636,36,Female,19,Month-to-Month,107.33,2039.57,0,278.1,0,0,0,Cash,0
CUST-00637,66,Female,55,Month-to-Month,24.16,1303.16,1,211.9,0,0,1,Credit Card,1
CUST-00638,53,Male,26,One-Year,103.06,2688.48,3,46.0,1,1,1,Credit Card,0
CUST-00639,29,Female,6,Month-to-Month,77.13,440.39,2,118.4,1,1,0,Bank Transfer,0
CUST-00640,58,Female,4,Month-to-Month,80.75,493.71,2,17.4,3,0,1,Cash,1
CUST-00641,36,Male,29,Month-to-Month,72.32,2103.42,1,130.1,1,1,0,Credit Card,1
CUST-00642,29,Female,59,Month-to-Month,107.45,6338.82,0,233.5,1,0,1,Bank Transfer,0
CUST-00643,26,Male,17,Two-Year,24.34,505.92,0,166.4,1,0,1,Digital Wallet,1
CUST-00644,24,Female,43,Month-to-Month,46.1,1914.08,2,194.4,2,1,0,Bank Transfer,0
CUST-00645,45,Male,66,One-Year,107.58,7094.78,6,98.4,1,0,0,Digital Wallet,0
CUST-00646,31,Female,34,One-Year,95.23,3190.34,1,48.8,3,1,0,Digital Wallet,0
CUST-00647,48,Female,8,Two-Year,21.76,205.83,2,4.4,0,0,0,Credit Card,0
CUST-00648,69,Male,13,Month-to-Month,71.7,907.38,2,246.5,2,0,1,Bank Transfer,0
CUST-00649,36,Male,8,Two-Year,72.96,612.68,1,191.2,0,0,0,Bank Transfer,1
CUST-00650,64,Female,65,One-Year,60.09,3931.25,1,69.2,0,0,0,Digital Wallet,0
CUST-00651,33,Male,43,Two-Year,49.74,2177.84,1,125.8,2,0,1,Digital Wallet,0
CUST-00652,22,Male,39,Two-Year,88.17,3464.86,1,240.5,0,0,1,Digital Wallet,0
CUST-00653,52,Male,59,Month-to-Month,40.78,2394.82,2,161.8,1,0,0,Credit Card,0
CUST-00654,29,Male,44,Month-to-Month,99.89,4325.28,1,90.4,1,1,1,Digital Wallet,1
CUST-00655,42,Female,9,Month-to-Month,100.3,953.15,1,80.5,2,1,1,Bank Transfer,1
CUST-00656,69,Female,37,One-Year,61.53,2347.06,0,65.7,0,0,0,Bank Transfer,0
CUST-00657,38,Male,36,Month-to-Month,48.35,1693.71,2,247.2,1,0,1,Bank Transfer,0
CUST-00658,53,Male,28,Month-to-Month,48.39,1391.71,2,174.8,1,0,1,Digital Wallet,0
CUST-00659,40,Male,42,Month-to-Month,68.23,2807.14,0,212.9,1,0,0,Digital Wallet,0
CUST-00660,33,Male,43,Month-to-Month,91.96,3964.45,1,258.1,0,0,1,Bank Transfer,1
CUST-00661,56,Female,42,Month-to-Month,55.89,2367.85,4,296.1,0,1,1,Cash,0
CUST-00662,62,Female,66,Month-to-Month,81.0,5324.69,1,75.2,2,0,1,Credit Card,0
CUST-00663,59,Male,55,Month-to-Month,58.25,3208.5,1,54.7,0,1,1,Credit Card,0
CUST-00664,56,Male,48,Month-to-Month,50.45,2464.01,1,138.9,0,0,1,Bank Transfer,1
CUST-00665,31,Male,22,Month-to-Month,22.49,489.31,3,11.0,0,1,1,Cash,0
CUST-00666,48,Female,27,Month-to-Month,20.39,516.77,2,237.6,1,0,1,Credit Card,0
CUST-00667,22,Male,67,Two-Year,42.72,2801.05,2,265.2,2,1,0,Credit Card,0
CUST-00668,52,Female,13,One-Year,60.64,768.78,1,206.0,1,0,0,Cash,0
CUST-00669,40,Male,45,Month-to-Month,105.13,4672.11,0,80.8,0,1,0,Cash,1
CUST-00670,46,Female,10,Month-to-Month,99.85,979.63,0,37.4,1,0,0,Cash,1
CUST-00671,60,Male,9,Two-Year,46.72,397.22,1,115.0,0,0,0,Credit Card,0
CUST-00672,28,Female,54,Two-Year,44.45,2440.51,1,250.1,2,0,0,Digital Wallet,0
CUST-00673,35,Male,27,Two-Year,42.73,1157.38,1,104.7,1,0,1,Bank Transfer,0
CUST-00674,64,Male,34,One-Year,53.92,1960.64,3,10.8,1,1,1,Digital Wallet,0
CUST-00675,29,Male,1,Month-to-Month,69.82,0.0,2,82.6,2,0,1,Credit Card,0
CUST-00676,26,Female,32,Month-to-Month,63.87,2059.51,4,297.0,3,0,1,Digital Wallet,1
CUST-00677,27,Male,71,Month-to-Month,41.83,2947.35,1,203.2,2,0,1,Credit Card,0
CUST-00678,61,Female,67,Two-Year,33.05,2166.55,1,270.3,1,0,1,Credit Card,0
CUST-00679,34,Female,20,One-Year,21.26,423.71,7,232.6,0,1,0,Digital Wallet,0
CUST-00680,55,Male,35,One-Year,35.4,1233.77,0,162.1,0,1,0,Credit Card,0
CUST-00681,24,Male,17,Month-to-Month,90.54,1593.07,8,45.0,2,0,0,Credit Card,1
CUST-00682,63,Male,18,Two-Year,44.36,803.04,3,104.9,1,0,0,Bank Transfer,0
CUST-00683,30,Female,45,Month-to-Month,66.86,2974.06,0,175.3,1,1,1,Digital Wallet,0
CUST-00684,57,Male,53,Month-to-Month,79.13,4210.6,0,261.3,2,1,0,Credit Card,0
CUST-00685,59,Female,68,Month-to-Month,108.68,7378.76,2,81.0,0,0,0,Digital Wallet,0
CUST-00686,26,Female,65,One-Year,108.89,7021.58,0,36.8,0,1,0,Digital Wallet,1
CUST-00687,67,Male,1,Month-to-Month,94.57,82.14,1,167.9,0,0,0,Digital Wallet,0
CUST-00688,44,Male,58,Two-Year,23.52,1375.71,1,53.4,1,1,1,Bank Transfer,0
CUST-00689,19,Male,26,Month-to-Month,77.51,2018.87,1,183.3,1,0,1,Digital Wallet,0
CUST-00690,22,Male,20,One-Year,98.66,1989.72,1,79.4,0,0,0,Credit Card,0
CUST-00691,46,Male,10,One-Year,21.73,190.98,1,69.7,0,0,1,Credit Card,0
CUST-00692,54,Male,59,Month-to-Month,74.97,4439.11,0,120.1,4,0,1,Digital Wallet,0
CUST-00693,55,Female,41,Two-Year,105.78,4342.99,1,178.2,1,0,1,Cash,0
CUST-00694,36,Female,5,One-Year,67.41,343.46,0,163.8,1,1,0,Credit Card,0
CUST-00695,25,Female,65,One-Year,20.41,1328.27,2,73.8,1,0,0,Bank Transfer,0
CUST-00696,65,Male,17,Two-Year,21.1,467.5,1,267.4,0,0,0,Cash,0
CUST-00697,62,Female,22,One-Year,61.66,1412.03,1,33.4,0,0,1,Cash,0
CUST-00698,18,Female,41,Month-to-Month,35.5,1470.27,1,12.3,0,1,0,Credit Card,0
CUST-00699,39,Female,68,One-Year,86.45,5838.59,2,181.0,0,1,0,Bank Transfer,0
CUST-00700,69,Female,69,Month-to-Month,90.88,6256.1,1,37.5,2,1,0,Credit Card,0
CUST-00701,34,Female,11,Month-to-Month,37.79,496.48,2,151.7,0,0,1,Digital Wallet,0
CUST-00702,24,Male,56,Month-to-Month,108.85,6067.45,1,285.6,0,0,1,Credit Card,0
CUST-00703,42,Male,51,One-Year,64.19,3265.4,2,209.7,1,0,0,Digital Wallet,1
CUST-00704,62,Female,21,One-Year,34.28,708.81,3,185.4,1,1,1,Cash,0
CUST-00705,21,Female,26,Month-to-Month,96.43,2525.57,1,172.7,1,0,0,Cash,0
CUST-00706,53,Female,19,One-Year,99.0,1859.17,2,54.3,0,0,0,Cash,0
CUST-00707,23,Male,60,Two-Year,83.93,5044.64,0,130.1,0,1,0,Credit Card,0
CUST-00708,48,Male,71,Month-to-Month,105.35,7459.13,3,103.1,0,1,0,Credit Card,0
CUST-00709,36,Female,47,Month-to-Month,93.74,4471.51,2,285.9,0,0,1,Digital Wallet,1
CUST-00710,61,Male,71,One-Year,108.22,7649.31,0,73.1,1,0,1,Bank Transfer,0
CUST-00711,56,Male,26,Month-to-Month,63.39,1697.02,5,141.7,0,0,1,Credit Card,0
CUST-00712,44,Female,40,One-Year,94.76,3761.14,3,281.5,0,0,0,Bank Transfer,0
CUST-00713,27,Male,5,Month-to-Month,119.98,557.21,2,236.9,2,0,0,Cash,1
CUST-00714,43,Male,21,Month-to-Month,92.49,1907.25,2,289.4,0,1,0,Cash,0
CUST-00715,36,Female,4,One-Year,31.42,40.11,2,182.7,0,0,1,Credit Card,0
CUST-00716,56,Male,23,One-Year,71.83,1674.02,3,100.5,0,1,0,Bank Transfer,0
CUST-00717,20,Male,15,Two-Year,78.73,1122.75,1,248.1,1,0,0,Bank Transfer,0
CUST-00718,62,Female,8,Two-Year,37.42,281.46,1,87.8,2,0,1,Cash,0
CUST-00719,30,Male,41,One-Year,116.29,4805.97,1,49.8,0,1,1,Bank Transfer,0
CUST-00720,67,Male,19,One-Year,37.56,750.11,3,212.0,0,1,0,Cash,0
CUST-00721,45,Female,46,Month-to-Month,37.76,1665.38,1,191.9,0,1,0,Digital Wallet,0
CUST-00722,37,Female,28,One-Year,111.52,3138.09,4,263.7,1,1,0,Cash,0
CUST-00723,45,Female,68,Month-to-Month,66.52,4580.38,0,288.6,2,0,1,Digital Wallet,0
CUST-00724,25,Male,15,Two-Year,26.32,362.96,1,257.2,0,0,0,Cash,0
CUST-00725,58,Female,37,Month-to-Month,79.82,2979.02,4,18.5,1,0,1,Digital Wallet,1
CUST-00726,56,Male,1,One-Year,80.18,23.02,1,199.5,0,1,1,Credit Card,0
CUST-00727,18,Female,67,Month-to-Month,26.45,1791.43,1,235.5,0,0,0,Credit Card,0
CUST-00728,20,Male,24,One-Year,117.25,2820.56,2,294.6,0,0,0,Cash,1
CUST-00729,30,Female,27,Two-Year,74.4,2041.86,0,112.7,1,0,0,Credit Card,1
CUST-00730,45,Female,40,Month-to-Month,75.98,3069.16,0,51.4,2,1,0,Bank Transfer,0
CUST-00731,66,Female,63,Two-Year,72.01,4468.96,0,256.0,1,1,0,Digital Wallet,0
CUST-00732,42,Female,61,Month-to-Month,81.07,4952.1,0,95.6,1,1,0,Digital Wallet,0
CUST-00733,50,Male,36,One-Year,46.43,1744.13,3,179.7,0,0,1,Credit Card,0
CUST-00734,55,Female,24,Two-Year,48.72,1060.01,0,117.3,0,0,0,Bank Transfer,0
CUST-00735,23,Female,24,Month-to-Month,71.13,1755.47,5,121.0,1,0,1,Bank Transfer,0
CUST-00736,61,Male,4,Two-Year,100.67,482.77,1,219.9,0,0,0,Credit Card,0
CUST-00737,62,Female,67,Month-to-Month,24.99,1600.1,0,108.8,0,0,1,Cash,0
CUST-00738,49,Male,34,Month-to-Month,80.34,2698.03,0,208.1,0,0,1,Digital Wallet,0
CUST-00739,62,Female,57,Two-Year,100.68,5764.65,2,4.8,1,0,1,Cash,0
CUST-00740,64,Female,49,Month-to-Month,35.69,1704.5,3,97.7,1,1,0,Credit Card,0
CUST-00741,38,Female,53,Two-Year,21.5,1207.73,2,96.1,0,0,1,Bank Transfer,0
CUST-00742,33,Male,23,Two-Year,51.27,1232.15,2,224.8,2,1,1,Digital Wallet,0
CUST-00743,38,Female,69,Month-to-Month,78.81,5368.64,1,94.7,2,0,0,Bank Transfer,0
CUST-00744,28,Female,53,One-Year,33.83,1755.84,1,190.2,1,0,1,Credit Card,0
CUST-00745,54,Female,62,Month-to-Month,62.61,3920.31,4,206.7,2,0,1,Cash,1
CUST-00746,53,Male,41,Month-to-Month,75.23,3120.96,2,197.7,0,0,0,Cash,0
CUST-00747,52,Male,57,Month-to-Month,79.89,4664.65,5,181.2,2,0,0,Bank Transfer,1
CUST-00748,36,Female,60,Month-to-Month,47.44,2802.41,1,124.4,1,1,1,Bank Transfer,0
CUST-00749,37,Male,54,Month-to-Month,60.0,3312.96,1,112.3,0,1,0,Credit Card,0
CUST-00750,35,Female,70,Month-to-Month,97.83,6802.4,1,169.6,0,1,0,Cash,1
CUST-00751,64,Female,57,Two-Year,114.12,6529.86,5,19.6,1,0,0,Digital Wallet,1
CUST-00752,58,Female,10,Two-Year,106.19,1106.52,1,262.8,0,1,0,Credit Card,0
CUST-00753,66,Female,40,One-Year,76.43,2907.5,2,247.7,1,0,0,Credit Card,0
CUST-00754,31,Female,7,One-Year,61.03,472.77,0,104.2,0,1,0,Digital Wallet,0
CUST-00755,32,Female,38,Two-Year,53.3,2094.63,1,170.3,0,0,0,Credit Card,0
CUST-00756,48,Female,61,Month-to-Month,32.5,2037.29,2,279.7,1,1,1,Cash,0
CUST-00757,18,Male,3,One-Year,30.66,194.65,1,81.9,1,1,0,Cash,0
CUST-00758,20,Male,51,Two-Year,88.84,4579.1,0,222.9,2,1,0,Cash,0
CUST-00759,33,Male,47,Month-to-Month,45.98,2134.2,2,25.3,0,0,0,Digital Wallet,0
CUST-00760,40,Male,68,One-Year,45.47,3153.91,0,157.2,1,0,0,Bank Transfer,0
CUST-00761,28,Male,38,Two-Year,119.82,4523.46,1,265.2,0,0,0,Credit Card,0
CUST-00762,29,Male,36,Two-Year,38.79,1400.56,1,165.7,0,0,0,Digital Wallet,0
CUST-00763,27,Male,41,One-Year,34.81,1468.8,0,185.1,0,0,1,Bank Transfer,0
CUST-00764,49,Female,69,Month-to-Month,29.87,2083.43,0,272.3,0,1,0,Bank Transfer,1
CUST-00765,33,Female,13,Month-to-Month,77.98,1081.3,4,214.8,0,0,0,Credit Card,0
CUST-00766,25,Female,58,Month-to-Month,82.79,4926.25,2,208.9,1,0,1,Credit Card,0
CUST-00767,55,Female,50,One-Year,56.52,2769.13,2,176.1,1,0,0,Credit Card,0
CUST-00768,29,Male,30,Month-to-Month,73.54,2189.78,3,190.1,1,0,1,Digital Wallet,0
CUST-00769,41,Male,62,Two-Year,98.84,6143.9,0,241.2,2,0,1,Bank Transfer,0
CUST-00770,45,Female,25,Month-to-Month,101.81,2522.09,1,293.8,1,0,0,Credit Card,0
CUST-00771,25,Female,27,Month-to-Month,115.79,3122.54,1,238.7,1,0,1,Bank Transfer,1
CUST-00772,45,Male,51,Month-to-Month,102.43,5262.72,2,212.4,0,1,1,Credit Card,0
CUST-00773,53,Female,57,One-Year,76.48,4391.51,1,41.1,1,0,0,Cash,0
CUST-00774,43,Female,47,Month-to-Month,37.97,1796.96,1,245.2,1,1,1,Bank Transfer,0
CUST-00775,25,Female,39,Month-to-Month,29.98,1176.61,1,220.9,0,1,1,Credit Card,0
CUST-00776,67,Female,16,Month-to-Month,25.45,396.01,2,231.2,1,0,1,Credit Card,1
CUST-00777,45,Male,22,Month-to-Month,86.65,1976.53,1,69.7,2,1,1,Cash,1
CUST-00778,45,Female,54,Month-to-Month,100.75,5523.67,2,271.1,1,0,1,Bank Transfer,0
CUST-00779,54,Female,21,Two-Year,70.87,1539.21,2,29.6,0,0,0,Credit Card,0
CUST-00780,58,Male,16,One-Year,25.47,350.05,0,76.5,0,0,0,Bank Transfer,1
CUST-00781,53,Male,59,Month-to-Month,73.55,4326.34,7,199.1,0,0,0,Credit Card,0
CUST-00782,44,Female,31,Two-Year,113.57,3530.65,1,202.3,2,1,0,Credit Card,0
CUST-00783,34,Male,42,Two-Year,79.76,3302.89,2,94.3,1,0,1,Digital Wallet,0
CUST-00784,26,Female,32,One-Year,100.94,3234.03,0,210.6,1,0,0,Credit Card,0
CUST-00785,50,Female,59,One-Year,100.02,5902.29,0,116.7,0,0,1,Digital Wallet,0
CUST-00786,37,Male,34,Two-Year,113.21,3903.35,3,0.6,2,0,0,Bank Transfer,0
CUST-00787,30,Female,9,Two-Year,97.02,848.27,1,49.2,1,1,0,Credit Card,0
CUST-00788,45,Female,11,One-Year,94.77,1100.64,2,264.8,0,0,0,Digital Wallet,0
CUST-00789,65,Female,10,Month-to-Month,43.41,386.23,1,67.2,3,0,0,Bank Transfer,0
CUST-00790,46,Female,17,One-Year,25.99,400.94,1,34.3,2,0,1,Digital Wallet,0
CUST-00791,30,Male,68,One-Year,71.76,4860.71,3,204.8,1,0,0,Digital Wallet,0
CUST-00792,63,Male,48,Month-to-Month,32.44,1559.51,1,132.5,2,0,0,Cash,0
CUST-00793,52,Female,52,Month-to-Month,116.22,5922.61,1,239.1,1,0,0,Credit Card,0
CUST-00794,23,Male,25,Two-Year,48.99,1247.71,2,258.5,0,0,0,Credit Card,0
CUST-00795,35,Female,21,One-Year,105.29,2296.56,3,253.9,0,1,0,Bank Transfer,0
CUST-00796,68,Female,65,Month-to-Month,58.76,3851.96,1,94.2,1,0,0,Credit Card,0
CUST-00797,22,Female,63,One-Year,52.32,3285.63,3,151.9,1,1,0,Bank Transfer,0
CUST-00798,64,Female,51,Month-to-Month,113.52,5735.29,1,195.2,1,1,0,Credit Card,0
CUST-00799,42,Female,36,Month-to-Month,56.33,1937.23,0,96.9,1,1,0,Bank Transfer,0
CUST-00800,19,Male,66,One-Year,59.03,3813.83,1,12.8,1,0,1,Credit Card,0
CUST-00801,27,Female,15,Month-to-Month,30.61,452.61,1,149.0,3,1,0,Digital Wallet,0
CUST-00802,47,Male,39,Month-to-Month,87.04,3499.91,3,4.3,0,1,0,Digital Wallet,0
CUST-00803,67,Male,70,Two-Year,48.88,3285.75,3,285.2,0,1,1,Credit Card,0
CUST-00804,62,Female,1,Month-to-Month,78.56,113.57,2,239.1,0,0,1,Digital Wallet,0
CUST-00805,22,Female,23,Month-to-Month,79.14,1786.33,4,58.0,1,0,1,Credit Card,0
CUST-00806,50,Female,39,Two-Year,91.92,3568.11,2,86.6,2,1,1,Bank Transfer,0
CUST-00807,18,Female,57,One-Year,94.52,5340.76,2,294.9,1,0,0,Credit Card,0
CUST-00808,35,Female,34,One-Year,71.45,2360.93,0,112.4,0,0,0,Digital Wallet,0
CUST-00809,49,Male,41,Two-Year,53.1,2183.38,2,235.2,0,0,0,Bank Transfer,0
CUST-00810,64,Female,13,Month-to-Month,103.75,1361.89,4,134.3,2,1,1,Credit Card,0
CUST-00811,66,Female,70,One-Year,50.99,3602.72,2,259.3,0,0,0,Cash,0
CUST-00812,28,Male,6,One-Year,70.75,340.24,1,211.3,1,1,1,Credit Card,0
CUST-00813,38,Male,52,Two-Year,60.13,3170.46,2,7.4,0,0,1,Cash,0
CUST-00814,43,Female,3,One-Year,105.51,361.12,0,88.7,0,0,0,Credit Card,0
CUST-00815,42,Male,63,One-Year,63.19,4002.19,2,167.6,0,0,0,Digital Wallet,0
CUST-00816,39,Female,49,Month-to-Month,58.61,2850.84,2,277.9,1,0,0,Digital Wallet,0
CUST-00817,44,Male,47,Month-to-Month,88.98,4197.48,2,31.1,1,0,0,Cash,0
CUST-00818,66,Male,55,One-Year,80.24,4405.18,4,180.5,1,0,0,Cash,0
CUST-00819,30,Female,64,One-Year,30.72,2014.51,1,91.0,0,0,0,Cash,0
CUST-00820,50,Male,65,One-Year,70.82,4584.97,2,266.9,3,0,1,Bank Transfer,0
CUST-00821,51,Male,67,Month-to-Month,93.55,6273.25,1,229.7,2,1,1,Digital Wallet,0
CUST-00822,58,Male,15,One-Year,119.21,1701.23,0,111.2,0,0,1,Digital Wallet,1
CUST-00823,52,Male,32,One-Year,82.91,2668.38,1,50.5,1,0,1,Credit Card,0
CUST-00824,18,Male,68,Two-Year,57.03,3840.56,1,3.9,0,0,0,Cash,0
CUST-00825,38,Male,18,One-Year,42.62,792.78,0,186.5,1,0,0,Bank Transfer,0
CUST-00826,65,Female,43,Two-Year,107.28,4652.46,0,122.1,1,1,0,Credit Card,0
CUST-00827,23,Female,35,Two-Year,101.46,3520.6,3,94.8,0,0,0,Bank Transfer,0
CUST-00828,45,Male,58,One-Year,43.39,2518.18,3,295.7,0,0,1,Digital Wallet,0
CUST-00829,34,Female,33,One-Year,40.06,1330.7,1,140.1,1,0,1,Bank Transfer,0
CUST-00830,22,Female,14,Two-Year,91.51,1299.54,1,225.1,1,1,0,Bank Transfer,0
CUST-00831,48,Female,34,One-Year,51.5,1790.49,2,53.6,0,0,0,Credit Card,0
CUST-00832,22,Male,61,Two-Year,50.64,3121.99,3,4.5,1,0,0,Digital Wallet,0
CUST-00833,55,Female,4,One-Year,35.23,121.93,2,125.6,1,1,0,Cash,0
CUST-00834,20,Male,59,One-Year,46.4,2817.52,0,199.9,0,0,1,Bank Transfer,0
CUST-00835,40,Female,29,Month-to-Month,62.75,1857.35,1,152.2,0,0,1,Digital Wallet,1
CUST-00836,54,Male,6,Month-to-Month,93.28,629.94,3,267.2,2,0,1,Credit Card,1
CUST-00837,54,Male,49,Two-Year,53.63,2645.21,0,130.5,0,0,1,Credit Card,0
CUST-00838,27,Female,40,One-Year,52.86,2134.69,0,93.6,1,1,0,Bank Transfer,0
CUST-00839,27,Female,65,One-Year,48.49,3145.99,4,274.9,1,1,1,Credit Card,0
CUST-00840,36,Male,69,Two-Year,67.83,4658.08,4,122.3,0,0,1,Digital Wallet,0
CUST-00841,34,Female,27,One-Year,38.06,1076.39,2,81.3,2,1,0,Digital Wallet,0
CUST-00842,38,Female,6,One-Year,68.56,424.59,0,29.7,2,0,0,Bank Transfer,0
CUST-00843,31,Female,13,One-Year,90.42,1168.88,2,238.1,0,1,1,Bank Transfer,0
CUST-00844,26,Male,64,One-Year,22.98,1419.59,1,247.6,1,0,0,Cash,1
CUST-00845,63,Male,62,Month-to-Month,20.98,1378.52,1,10.5,0,0,0,Credit Card,1
CUST-00846,18,Female,19,Month-to-Month,27.51,528.32,0,107.9,3,0,0,Bank Transfer,1
CUST-00847,68,Female,43,Month-to-Month,73.57,3102.17,0,225.1,5,0,1,Cash,0
CUST-00848,62,Female,20,Month-to-Month,105.45,2113.07,0,283.9,0,1,0,Cash,0
CUST-00849,30,Male,68,One-Year,20.49,1383.27,2,113.7,1,0,1,Bank Transfer,0
CUST-00850,21,Male,44,Month-to-Month,113.67,4989.38,2,261.7,2,0,1,Bank Transfer,0
CUST-00851,18,Female,23,Month-to-Month,30.63,733.3,0,118.4,1,0,1,Credit Card,0
CUST-00852,66,Female,2,Month-to-Month,104.2,198.42,0,54.3,0,0,1,Credit Card,0
CUST-00853,57,Female,22,Month-to-Month,68.29,1487.11,1,1.5,0,0,0,Digital Wallet,1
CUST-00854,49,Female,57,One-Year,85.94,4966.7,0,99.4,0,0,0,Credit Card,0
CUST-00855,51,Female,7,Two-Year,71.07,410.51,1,113.9,0,0,0,Cash,0
CUST-00856,45,Female,56,One-Year,67.7,3788.63,1,283.6,1,0,0,Bank Transfer,0
CUST-00857,48,Male,67,Month-to-Month,103.49,6980.27,0,62.2,0,1,1,Credit Card,0
CUST-00858,25,Female,16,Month-to-Month,95.59,1560.79,0,115.0,2,1,1,Credit Card,0
CUST-00859,56,Male,51,Month-to-Month,68.34,3536.34,5,8.0,0,0,0,Bank Transfer,0
CUST-00860,43,Female,12,One-Year,31.16,475.0,3,229.2,1,0,0,Credit Card,0
CUST-00861,51,Female,53,Month-to-Month,31.54,1756.57,2,274.6,2,0,0,Digital Wallet,1
CUST-00862,20,Male,5,One-Year,100.15,442.97,1,71.7,1,0,0,Cash,0
CUST-00863,67,Male,27,Month-to-Month,72.94,1888.84,1,129.0,0,1,0,Cash,0
CUST-00864,29,Male,12,Two-Year,68.16,834.26,2,37.1,1,0,1,Digital Wallet,0
CUST-00865,18,Male,17,Month-to-Month,88.06,1429.31,3,137.3,2,0,1,Cash,0
CUST-00866,61,Female,6,Month-to-Month,105.88,538.96,1,40.4,2,0,1,Digital Wallet,0
CUST-00867,22,Male,5,Two-Year,82.89,430.26,0,157.2,2,1,0,Bank Transfer,0
CUST-00868,47,Female,57,Month-to-Month,96.28,5516.31,0,220.5,1,1,0,Digital Wallet,0
CUST-00869,47,Male,28,Month-to-Month,96.53,2788.4,2,166.2,0,1,1,Credit Card,0
CUST-00870,34,Female,69,One-Year,55.63,3876.89,2,73.9,0,0,0,Credit Card,0
CUST-00871,65,Female,59,One-Year,47.41,2893.17,1,106.5,1,0,0,Digital Wallet,0
CUST-00872,64,Female,33,One-Year,100.12,3321.74,1,191.8,0,1,0,Cash,0
CUST-00873,40,Female,62,Month-to-Month,57.72,3521.83,3,177.1,0,0,1,Bank Transfer,1
CUST-00874,32,Female,50,Month-to-Month,110.33,5557.61,1,41.5,0,0,1,Bank Transfer,0
CUST-00875,54,Female,19,Month-to-Month,26.97,579.15,1,253.6,2,0,1,Bank Transfer,1
CUST-00876,38,Male,69,Month-to-Month,25.82,1801.13,1,142.8,0,0,0,Bank Transfer,0
CUST-00877,31,Female,66,Two-Year,112.7,7510.73,1,49.1,1,0,1,Bank Transfer,0
CUST-00878,19,Male,47,One-Year,84.85,3981.79,0,37.3,2,1,1,Cash,0
CUST-00879,28,Male,39,Month-to-Month,57.96,2287.73,3,289.7,1,0,0,Bank Transfer,1
CUST-00880,68,Female,68,One-Year,95.51,6485.96,2,84.8,0,1,1,Credit Card,0
CUST-00881,56,Male,33,Month-to-Month,87.23,2997.54,2,272.6,0,1,1,Digital Wallet,0
CUST-00882,55,Female,13,Two-Year,73.12,992.62,2,123.5,2,1,1,Bank Transfer,0
CUST-00883,51,Male,54,Month-to-Month,29.89,1558.22,1,116.1,2,0,1,Digital Wallet,0
CUST-00884,55,Female,7,Month-to-Month,101.22,801.17,2,210.4,2,0,0,Bank Transfer,0
CUST-00885,67,Male,14,One-Year,106.6,1455.74,0,3.5,0,1,0,Digital Wallet,0
CUST-00886,51,Female,19,One-Year,37.22,707.86,0,101.8,0,0,0,Credit Card,0
CUST-00887,35,Female,54,One-Year,105.05,5696.12,2,91.1,2,0,1,Credit Card,0
CUST-00888,47,Female,20,Month-to-Month,107.78,2183.1,0,260.5,3,0,1,Bank Transfer,1
CUST-00889,32,Female,29,Month-to-Month,74.94,2197.45,1,159.0,0,0,1,Digital Wallet,0
CUST-00890,44,Male,24,Month-to-Month,85.62,1998.23,1,109.7,1,0,0,Credit Card,0
CUST-00891,68,Female,63,Month-to-Month,58.22,3692.21,6,80.2,2,1,1,Bank Transfer,0
CUST-00892,51,Male,57,Two-Year,48.18,2801.29,0,177.4,2,1,0,Cash,0
CUST-00893,69,Male,8,Month-to-Month,92.2,791.19,0,45.9,1,0,0,Credit Card,1
CUST-00894,55,Male,62,Month-to-Month,106.19,6518.69,2,74.2,0,1,1,Digital Wallet,1
CUST-00895,50,Female,29,One-Year,85.41,2444.11,2,88.4,2,0,0,Digital Wallet,0
CUST-00896,41,Male,17,Month-to-Month,71.16,1157.49,1,182.6,0,0,0,Cash,0
CUST-00897,32,Male,66,One-Year,35.89,2385.73,0,112.3,0,1,0,Cash,0
CUST-00898,47,Male,6,Two-Year,25.35,74.52,5,152.0,3,0,0,Bank Transfer,0
CUST-00899,59,Female,58,Month-to-Month,64.57,3688.92,3,195.3,1,1,0,Digital Wallet,0
CUST-00900,68,Female,69,Two-Year,24.93,1686.91,1,286.9,0,0,1,Digital Wallet,0
CUST-00901,34,Male,28,One-Year,76.93,2064.2,2,229.6,1,1,1,Credit Card,1
CUST-00902,22,Female,62,Month-to-Month,58.27,3611.35,2,121.9,2,0,0,Credit Card,1
CUST-00903,46,Female,41,Month-to-Month,95.72,3819.2,0,224.6,1,0,0,Credit Card,0
CUST-00904,21,Male,69,Month-to-Month,50.56,3512.91,4,284.9,0,0,0,Credit Card,0
CUST-00905,27,Male,41,One-Year,79.3,3231.45,0,150.1,1,0,1,Digital Wallet,0
CUST-00906,34,Female,49,One-Year,73.77,3583.53,0,123.4,1,0,0,Cash,0
CUST-00907,27,Male,49,Two-Year,20.47,979.99,2,23.9,0,1,0,Cash,0
CUST-00908,34,Female,71,Two-Year,27.24,1931.02,0,267.8,0,0,0,Credit Card,0
CUST-00909,37,Female,3,One-Year,49.04,176.76,0,74.3,0,1,0,Credit Card,0
CUST-00910,41,Female,10,One-Year,108.22,1148.05,1,19.7,3,0,1,Digital Wallet,0
CUST-00911,22,Female,35,Month-to-Month,34.7,1265.2,0,161.4,2,0,0,Bank Transfer,0
CUST-00912,51,Female,2,One-Year,91.09,293.76,2,253.8,2,1,0,Digital Wallet,0
CUST-00913,23,Female,24,Month-to-Month,117.34,2849.92,2,122.3,1,1,0,Digital Wallet,0
CUST-00914,19,Male,38,One-Year,99.06,3771.3,1,235.0,0,0,1,Digital Wallet,0
CUST-00915,30,Male,22,Month-to-Month,44.29,951.53,2,251.0,1,1,1,Credit Card,0
CUST-00916,60,Female,26,Month-to-Month,110.84,2860.65,1,136.6,0,0,0,Credit Card,0
CUST-00917,60,Female,43,Month-to-Month,29.31,1287.28,1,177.5,0,0,0,Credit Card,0
CUST-00918,65,Female,55,Month-to-Month,66.81,3624.58,1,160.4,2,0,1,Bank Transfer,0
CUST-00919,28,Male,39,One-Year,108.75,4252.7,3,281.8,0,1,0,Cash,0
CUST-00920,68,Female,29,Month-to-Month,84.13,2438.83,2,217.8,1,1,1,Credit Card,0
CUST-00921,64,Male,20,One-Year,61.36,1190.8,2,277.6,1,0,0,Credit Card,0
CUST-00922,40,Female,41,Month-to-Month,49.28,1967.92,0,66.4,2,1,0,Digital Wallet,0
CUST-00923,33,Female,54,One-Year,57.51,3231.78,1,93.4,1,1,1,Credit Card,0
CUST-00924,48,Male,20,Month-to-Month,70.89,1347.97,1,21.7,0,0,1,Cash,0
CUST-00925,28,Male,19,Month-to-Month,51.9,982.71,2,150.2,1,1,1,Credit Card,1
CUST-00926,33,Female,66,One-Year,116.9,7776.53,2,262.2,1,0,1,Cash,0
CUST-00927,25,Female,30,Month-to-Month,113.31,3425.75,3,98.4,0,0,0,Cash,1
CUST-00928,21,Female,53,Month-to-Month,107.07,5651.03,0,38.9,3,1,1,Cash,1
CUST-00929,57,Male,34,Month-to-Month,62.18,2054.51,2,21.0,1,0,1,Credit Card,0
CUST-00930,21,Male,22,Month-to-Month,89.13,1967.35,1,134.5,1,0,0,Credit Card,0
CUST-00931,42,Male,67,One-Year,110.28,7256.78,2,49.6,0,0,0,Digital Wallet,0
CUST-00932,20,Male,6,Month-to-Month,105.04,638.73,0,104.2,1,1,0,Digital Wallet,0
CUST-00933,49,Male,27,One-Year,61.43,1660.35,3,246.1,1,0,0,Digital Wallet,0
CUST-00934,20,Male,10,Two-Year,31.24,365.91,1,115.5,0,0,1,Bank Transfer,0
CUST-00935,44,Female,48,Month-to-Month,27.56,1265.71,4,183.2,0,0,0,Credit Card,0
CUST-00936,46,Female,70,Two-Year,77.71,5423.53,2,150.9,1,0,0,Cash,0
CUST-00937,49,Male,59,One-Year,84.26,4993.19,2,215.7,0,1,1,Credit Card,0
CUST-00938,67,Female,59,One-Year,104.98,6204.1,1,47.3,0,0,0,Credit Card,0
CUST-00939,68,Female,2,One-Year,49.25,31.37,1,276.2,0,0,1,Credit Card,0
CUST-00940,36,Male,29,One-Year,36.75,1033.37,0,193.3,2,0,1,Digital Wallet,0
CUST-00941,38,Female,68,One-Year,57.9,4007.2,5,81.7,0,0,0,Credit Card,0
CUST-00942,22,Male,65,Month-to-Month,55.36,3611.37,3,37.4,0,1,0,Bank Transfer,0
CUST-00943,35,Male,26,Month-to-Month,33.25,781.29,2,45.3,2,0,0,Bank Transfer,0
CUST-00944,45,Female,10,Month-to-Month,87.23,916.46,1,234.9,3,1,1,Credit Card,1
CUST-00945,59,Male,53,Month-to-Month,70.87,3676.15,4,176.6,2,0,0,Digital Wallet,1
CUST-00946,39,Male,59,Month-to-Month,92.11,5419.14,1,114.5,3,0,0,Credit Card,0
CUST-00947,38,Male,22,Month-to-Month,55.27,1244.1,4,100.2,1,1,0,Credit Card,0
CUST-00948,23,Male,51,Month-to-Month,52.57,2741.76,1,256.8,3,0,1,Bank Transfer,0
CUST-00949,18,Male,48,One-Year,67.26,3111.58,1,262.5,1,0,0,Bank Transfer,0
CUST-00950,22,Male,21,Two-Year,107.74,2298.12,0,174.6,2,1,1,Credit Card,0
CUST-00951,58,Male,22,Two-Year,24.03,571.75,2,157.6,0,1,1,Cash,0
CUST-00952,29,Male,30,Month-to-Month,100.48,2986.55,1,245.0,1,0,1,Cash,0
CUST-00953,43,Female,25,One-Year,56.9,1427.05,2,224.9,1,0,1,Bank Transfer,0
CUST-00954,63,Female,28,Two-Year,105.46,2800.28,1,120.4,0,0,0,Bank Transfer,0
CUST-00955,51,Female,65,Month-to-Month,100.22,6376.9,0,25.3,1,1,0,Credit Card,0
CUST-00956,66,Male,45,Month-to-Month,54.88,2525.03,1,230.7,1,0,1,Cash,0
CUST-00957,31,Male,68,Two-Year,89.39,6051.58,3,51.0,1,1,0,Bank Transfer,0
CUST-00958,43,Female,7,One-Year,35.96,234.41,2,5.4,0,0,1,Credit Card,0
CUST-00959,62,Female,49,Month-to-Month,109.63,5383.6,1,253.1,0,0,1,Cash,1
CUST-00960,44,Female,9,Month-to-Month,60.45,525.75,2,173.7,0,0,1,Bank Transfer,0
CUST-00961,26,Male,36,Month-to-Month,65.56,2337.23,2,267.6,0,0,1,Bank Transfer,0
CUST-00962,43,Female,1,Two-Year,90.58,110.3,5,145.6,0,0,1,Credit Card,0
CUST-00963,64,Female,10,One-Year,102.08,946.02,2,278.0,0,0,0,Credit Card,0
CUST-00964,39,Male,36,Month-to-Month,43.63,1628.68,0,106.5,1,1,0,Cash,0
CUST-00965,64,Female,46,Month-to-Month,86.14,3950.93,1,217.5,0,0,0,Digital Wallet,0
CUST-00966,47,Male,32,One-Year,59.2,1844.12,3,90.6,1,0,0,Credit Card,0
CUST-00967,60,Male,32,One-Year,56.87,1762.83,1,0.8,0,1,0,Bank Transfer,0
CUST-00968,65,Male,6,Month-to-Month,89.0,536.13,1,114.2,0,1,1,Bank Transfer,0
CUST-00969,34,Female,48,Two-Year,58.72,2803.24,4,221.5,0,0,1,Credit Card,0
CUST-00970,43,Female,38,Month-to-Month,54.61,1997.74,0,45.4,0,1,1,Bank Transfer,1
CUST-00971,53,Male,17,Month-to-Month,103.59,1730.94,0,151.7,0,0,0,Digital Wallet,0
CUST-00972,18,Female,27,One-Year,30.13,773.05,3,64.1,1,0,0,Credit Card,0
CUST-00973,25,Female,54,Month-to-Month,87.59,4792.95,1,22.8,0,1,1,Credit Card,0
CUST-00974,66,Female,50,Two-Year,44.87,2250.02,0,185.4,1,1,1,Credit Card,0
CUST-00975,52,Female,35,One-Year,21.55,832.72,1,285.6,0,1,1,Bank Transfer,0
CUST-00976,69,Male,25,One-Year,36.68,881.5,0,93.6,3,1,1,Bank Transfer,0
CUST-00977,32,Female,28,Month-to-Month,80.67,2244.2,0,174.4,1,0,1,Credit Card,0
CUST-00978,64,Male,15,Month-to-Month,90.91,1382.98,2,286.1,0,0,1,Digital Wallet,0
CUST-00979,39,Male,4,Month-to-Month,22.11,118.65,2,195.3,1,0,0,Bank Transfer,0
CUST-00980,31,Female,27,One-Year,23.64,674.33,0,202.1,0,0,0,Digital Wallet,0
CUST-00981,43,Male,26,One-Year,110.25,2822.11,1,54.1,2,0,1,Credit Card,0
CUST-00982,45,Female,19,Two-Year,27.33,476.29,5,148.0,1,0,0,Bank Transfer,0
CUST-00983,40,Female,17,One-Year,109.42,1842.37,1,110.4,0,1,1,Digital Wallet,1
CUST-00984,31,Male,43,Two-Year,42.82,1915.31,2,141.6,0,1,0,Digital Wallet,0
CUST-00985,41,Male,41,One-Year,94.0,3803.97,1,240.3,1,0,0,Digital Wallet,0
CUST-00986,19,Male,42,Month-to-Month,50.97,2114.39,2,138.5,3,0,0,Credit Card,0
CUST-00987,62,Male,50,Month-to-Month,105.88,5330.49,0,19.3,0,1,0,Cash,0
CUST-00988,43,Female,40,One-Year,90.05,3635.82,2,271.7,0,0,1,Digital Wallet,0
CUST-00989,31,Female,39,Month-to-Month,60.18,2374.79,2,163.7,3,1,0,Bank Transfer,0
CUST-00990,68,Female,23,Month-to-Month,27.63,639.53,2,277.4,0,0,1,Cash,0
CUST-00991,24,Male,52,One-Year,93.27,4796.78,1,171.9,1,0,0,Bank Transfer,0
CUST-00992,20,Male,47,Two-Year,81.69,3804.89,2,21.4,0,1,0,Credit Card,0
CUST-00993,64,Male,63,Month-to-Month,20.29,1334.59,0,166.1,2,1,0,Digital Wallet,0
CUST-00994,40,Female,69,One-Year,20.94,1483.54,3,172.9,0,0,1,Cash,0
CUST-00995,63,Male,43,Two-Year,100.88,4271.09,2,64.7,0,0,0,Credit Card,0
CUST-00996,60,Female,48,Month-to-Month,45.94,2248.59,1,141.6,1,1,1,Digital Wallet,0
CUST-00997,64,Male,34,Month-to-Month,83.61,2908.18,4,138.1,1,0,0,Digital Wallet,0
CUST-00998,62,Female,40,Month-to-Month,65.42,2619.49,2,187.1,1,1,0,Cash,0
CUST-00999,35,Female,61,One-Year,106.34,6508.05,3,78.3,0,0,1,Credit Card,0
CUST-01000,55,Male,50,One-Year,111.7,5635.57,1,174.7,2,0,0,Credit Card,0
CUST-01001,52,Male,67,Two-Year,119.68,7983.77,3,72.7,1,0,0,Credit Card,0
CUST-01002,68,Female,62,One-Year,35.37,2309.42,1,134.2,0,0,0,Bank Transfer,0
CUST-01003,32,Female,58,Month-to-Month,106.3,6226.55,2,37.3,0,0,0,Cash,0
CUST-01004,42,Male,33,Month-to-Month,46.6,1564.0,1,11.7,0,0,0,Bank Transfer,0
CUST-01005,54,Male,16,One-Year,79.08,1263.55,1,96.5,1,0,1,Cash,0
CUST-01006,45,Female,48,Month-to-Month,70.58,3412.58,1,82.7,0,0,0,Digital Wallet,0
CUST-01007,27,Male,10,Month-to-Month,21.8,139.99,2,122.4,2,0,1,Bank Transfer,1
CUST-01008,56,Female,38,Month-to-Month,113.28,4408.74,2,288.6,0,0,0,Credit Card,1
CUST-01009,34,Female,19,Month-to-Month,27.83,585.21,2,156.9,1,1,0,Credit Card,0
CUST-01010,56,Male,36,Month-to-Month,88.82,3270.72,1,166.2,0,0,0,Credit Card,0
CUST-01011,39,Male,59,Month-to-Month,98.5,5813.04,1,282.5,3,0,0,Credit Card,0
CUST-01012,43,Male,63,Month-to-Month,99.53,6252.38,1,276.4,1,0,0,Credit Card,0
CUST-01013,61,Male,46,Month-to-Month,33.55,1509.58,2,265.3,0,1,0,Credit Card,0
CUST-01014,42,Male,3,One-Year,64.76,234.96,0,29.8,2,0,1,Bank Transfer,1
CUST-01015,34,Female,65,Two-Year,102.94,6665.47,2,190.5,0,0,1,Bank Transfer,0
CUST-01016,30,Female,8,Month-to-Month,50.27,392.79,1,242.5,0,0,1,Credit Card,1
CUST-01017,37,Male,51,One-Year,66.77,3432.59,1,250.8,2,1,0,Digital Wallet,0
CUST-01018,42,Male,6,Month-to-Month,47.28,250.71,0,173.6,0,1,1,Bank Transfer,1
CUST-01019,21,Male,39,One-Year,66.36,2640.24,2,5.7,0,0,0,Digital Wallet,0
CUST-01020,27,Female,60,Two-Year,108.78,6525.91,1,292.1,0,0,1,Digital Wallet,0
CUST-01021,20,Male,28,One-Year,65.51,1758.87,1,141.9,2,0,0,Digital Wallet,0
CUST-01022,58,Male,54,Two-Year,75.59,4048.36,1,118.4,0,0,0,Cash,0
CUST-01023,62,Female,37,Month-to-Month,60.4,2300.21,2,118.8,0,1,1,Credit Card,0
CUST-01024,35,Female,9,Month-to-Month,66.01,547.24,2,127.5,1,0,0,Credit Card,1
CUST-01025,64,Male,56,Two-Year,21.52,1249.82,1,73.0,1,0,1,Credit Card,0
CUST-01026,53,Male,59,Month-to-Month,48.37,2859.91,1,98.5,0,0,0,Bank Transfer,0
CUST-01027,64,Male,2,Month-to-Month,63.66,118.73,3,295.6,1,0,0,Bank Transfer,1
CUST-01028,39,Female,61,One-Year,83.38,5211.81,1,110.8,1,0,1,Bank Transfer,0
CUST-01029,51,Male,58,Two-Year,65.01,3706.37,2,158.3,1,1,1,Credit Card,0
CUST-01030,64,Male,60,Two-Year,53.78,3189.79,2,254.6,1,0,1,Digital Wallet,0
CUST-01031,25,Male,40,Month-to-Month,58.81,2351.23,1,158.5,2,0,0,Digital Wallet,0
CUST-01032,57,Female,36,Two-Year,44.23,1713.07,1,97.7,0,0,0,Credit Card,0
CUST-01033,66,Female,37,Month-to-Month,112.45,4159.59,1,157.4,5,0,0,Bank Transfer,0
CUST-01034,61,Male,18,Month-to-Month,72.17,1312.77,1,34.7,0,0,0,Cash,0
CUST-01035,36,Male,63,One-Year,21.34,1327.63,3,39.4,0,0,1,Digital Wallet,0
CUST-01036,59,Female,22,Month-to-Month,21.94,500.61,1,208.4,1,0,0,Credit Card,1
CUST-01037,58,Female,11,Month-to-Month,117.3,1276.61,2,275.3,1,1,1,Cash,0
CUST-01038,54,Female,58,One-Year,42.15,2479.47,0,217.8,1,0,1,Credit Card,0
CUST-01039,23,Female,57,Month-to-Month,100.56,5770.63,1,22.8,1,0,0,Bank Transfer,1
CUST-01040,69,Female,4,Month-to-Month,25.83,91.61,2,121.2,0,0,1,Credit Card,0
CUST-01041,43,Female,7,Month-to-Month,112.12,728.57,0,1.3,2,0,1,Cash,1
CUST-01042,51,Female,61,Month-to-Month,107.44,6558.52,3,153.6,0,0,0,Credit Card,1
CUST-01043,62,Female,54,Month-to-Month,77.11,4234.05,3,58.4,0,0,0,Credit Card,0
CUST-01044,23,Female,68,One-Year,20.9,1379.87,0,260.5,0,0,0,Cash,0
CUST-01045,54,Male,1,One-Year,45.78,62.48,4,31.7,0,1,1,Bank Transfer,0
CUST-01046,50,Male,55,Month-to-Month,60.68,3277.11,1,0.9,0,0,0,Digital Wallet,0
CUST-01047,39,Male,3,Two-Year,66.01,146.04,1,135.6,0,0,1,Credit Card,0
CUST-01048,38,Female,38,Month-to-Month,49.77,1956.28,2,47.1,4,1,0,Bank Transfer,0
CUST-01049,23,Male,1,Month-to-Month,23.29,57.87,1,221.5,1,0,1,Cash,1
CUST-01050,23,Female,38,Two-Year,79.01,3019.83,1,276.0,0,0,1,Bank Transfer,0
CUST-01051,65,Female,29,Month-to-Month,72.42,1984.09,3,13.1,3,0,1,Digital Wallet,1
CUST-01052,21,Male,5,Two-Year,48.3,213.86,0,119.0,0,1,0,Cash,0
CUST-01053,47,Female,21,Month-to-Month,23.8,530.14,3,299.0,1,0,0,Digital Wallet,0
CUST-01054,28,Male,71,One-Year,119.46,8409.21,1,219.9,3,0,0,Credit Card,0
CUST-01055,47,Male,67,Month-to-Month,68.2,4551.71,0,286.0,0,1,0,Credit Card,0
CUST-01056,48,Male,47,Month-to-Month,95.6,4531.53,0,49.6,0,0,0,Credit Card,0
CUST-01057,41,Female,35,Month-to-Month,65.23,2207.49,2,66.8,1,1,1,Bank Transfer,0
CUST-01058,26,Male,68,One-Year,24.32,1569.8,2,46.9,0,1,1,Cash,0
CUST-01059,20,Female,69,One-Year,50.96,3441.55,1,91.1,0,0,0,Bank Transfer,0
CUST-01060,68,Male,1,Two-Year,52.01,68.73,3,217.5,2,1,1,Cash,0
CUST-01061,48,Male,68,Month-to-Month,103.84,7033.27,0,49.9,0,1,0,Digital Wallet,0
CUST-01062,57,Male,12,Month-to-Month,85.42,1068.94,2,157.5,0,1,0,Cash,0
CUST-01063,54,Female,60,Month-to-Month,47.54,2858.45,3,81.1,0,0,1,Cash,0
CUST-01064,53,Female,27,One-Year,116.77,3246.82,2,248.8,2,1,1,Digital Wallet,0
CUST-01065,41,Female,56,Two-Year,52.15,2858.53,1,2.5,0,0,0,Cash,0
CUST-01066,48,Male,23,Month-to-Month,119.82,2772.45,1,67.3,2,1,1,Digital Wallet,0
CUST-01067,23,Male,25,One-Year,119.62,2950.74,3,181.8,0,0,1,Digital Wallet,0
CUST-01068,19,Female,21,Month-to-Month,39.12,851.53,1,29.5,1,0,0,Digital Wallet,0
CUST-01069,37,Female,61,One-Year,51.27,3133.47,2,140.2,2,0,0,Digital Wallet,0
CUST-01070,45,Female,63,Two-Year,68.6,4272.14,1,131.1,1,0,1,Bank Transfer,1
CUST-01071,28,Female,52,Month-to-Month,86.41,4485.46,1,255.8,1,0,1,Bank Transfer,0
CUST-01072,21,Female,25,Month-to-Month,72.8,1823.65,2,187.8,1,0,0,Credit Card,0
CUST-01073,32,Female,55,Two-Year,116.94,6401.73,2,192.1,2,0,0,Credit Card,0
CUST-01074,23,Male,46,Two-Year,92.4,4286.76,0,285.6,0,0,1,Bank Transfer,0
CUST-01075,66,Female,32,One-Year,41.2,1266.85,1,294.7,2,0,1,Cash,0
CUST-01076,47,Male,55,One-Year,30.51,1782.6,1,196.2,0,0,0,Digital Wallet,0
CUST-01077,55,Male,5,Month-to-Month,88.84,491.88,0,156.8,0,1,0,Credit Card,0
CUST-01078,68,Female,36,One-Year,35.85,1308.04,2,182.6,1,0,1,Digital Wallet,0
CUST-01079,19,Female,49,Two-Year,98.77,4982.0,0,115.0,3,0,1,Cash,0
CUST-01080,32,Male,58,One-Year,51.1,2948.34,2,296.2,1,0,1,Digital Wallet,0
CUST-01081,28,Female,39,Month-to-Month,52.69,2085.48,1,211.7,1,1,1,Digital Wallet,0
CUST-01082,25,Female,61,Month-to-Month,21.08,1297.01,0,87.7,0,0,1,Credit Card,0
CUST-01083,43,Male,9,Month-to-Month,90.1,850.77,3,17.8,0,0,1,Credit Card,0
CUST-01084,68,Male,6,Month-to-Month,31.33,262.79,0,13.9,1,0,1,Bank Transfer,0
CUST-01085,62,Male,35,Month-to-Month,97.29,3432.6,1,61.9,2,1,1,Credit Card,0
CUST-01086,61,Female,39,Month-to-Month,69.19,2750.5,1,70.3,2,0,1,Credit Card,0
CUST-01087,22,Male,22,Month-to-Month,98.43,2137.94,1,124.8,0,1,1,Cash,0
CUST-01088,23,Female,41,Month-to-Month,78.39,3203.68,2,64.8,0,0,1,Digital Wallet,0
CUST-01089,43,Male,5,One-Year,28.24,223.11,0,189.5,1,1,0,Credit Card,1
CUST-01090,21,Male,42,Month-to-Month,96.57,4085.78,1,63.8,2,0,0,Credit Card,0
CUST-01091,36,Male,67,Month-to-Month,26.98,1820.08,2,56.8,0,0,0,Bank Transfer,0
CUST-01092,37,Female,30,Month-to-Month,67.87,1998.44,3,141.6,0,0,0,Credit Card,0
CUST-01093,50,Female,57,Month-to-Month,37.23,2170.44,0,266.7,2,1,0,Digital Wallet,0
CUST-01094,37,Male,29,One-Year,95.23,2722.6,1,140.8,0,0,1,Credit Card,0
CUST-01095,66,Male,37,Month-to-Month,111.16,4059.11,1,124.4,1,0,0,Digital Wallet,0
CUST-01096,29,Male,13,One-Year,75.41,986.08,1,173.6,0,1,0,Digital Wallet,0
CUST-01097,64,Female,32,Two-Year,72.71,2206.6,1,77.5,0,0,1,Digital Wallet,0
CUST-01098,18,Male,46,One-Year,96.4,4464.95,2,106.4,0,0,0,Digital Wallet,0
CUST-01099,43,Female,23,One-Year,20.51,490.58,3,64.5,0,0,1,Credit Card,0
CUST-01100,31,Male,45,Two-Year,111.78,5012.46,1,171.8,0,0,0,Bank Transfer,0
CUST-01101,55,Male,17,One-Year,39.74,662.47,0,209.4,0,0,0,Digital Wallet,0
CUST-01102,54,Male,66,Month-to-Month,118.41,7809.09,1,202.3,1,1,1,Digital Wallet,0
CUST-01103,28,Male,6,Month-to-Month,93.63,522.32,0,76.8,0,0,1,Credit Card,1
CUST-01104,53,Male,18,Two-Year,97.43,1762.97,1,234.0,1,1,1,Credit Card,0
CUST-01105,30,Male,22,Month-to-Month,85.62,1871.17,1,77.2,0,0,0,Credit Card,0
CUST-01106,60,Female,33,Month-to-Month,67.17,2222.23,3,45.5,0,0,0,Bank Transfer,1
CUST-01107,20,Male,30,One-Year,77.16,2307.01,1,105.3,1,0,0,Digital Wallet,0
CUST-01108,50,Female,32,Two-Year,24.64,770.85,3,179.5,0,1,0,Bank Transfer,0
CUST-01109,23,Male,42,Month-to-Month,82.4,3474.72,0,43.0,1,0,0,Digital Wallet,0
CUST-01110,67,Male,10,One-Year,82.61,865.15,1,194.6,3,1,0,Credit Card,1
CUST-01111,27,Female,36,Month-to-Month,109.12,3902.08,1,259.0,0,1,1,Cash,0
CUST-01112,22,Male,34,One-Year,70.57,2419.15,3,88.3,3,0,1,Bank Transfer,0
CUST-01113,40,Female,28,Month-to-Month,27.71,801.85,0,135.3,0,0,0,Credit Card,0
CUST-01114,27,Female,11,Month-to-Month,50.62,492.63,2,68.9,0,0,0,Digital Wallet,0
CUST-01115,61,Male,39,Two-Year,85.56,3385.67,3,108.7,0,1,1,Bank Transfer,0
CUST-01116,19,Female,47,Month-to-Month,43.93,2167.53,3,7.1,0,0,0,Credit Card,1
CUST-01117,30,Female,19,One-Year,48.05,908.55,1,286.2,0,1,0,Digital Wallet,0
CUST-01118,57,Male,15,Month-to-Month,102.05,1522.19,3,125.1,1,0,0,Cash,1
CUST-01119,19,Female,28,Month-to-Month,78.43,2185.39,1,236.8,0,1,1,Credit Card,0
CUST-01120,37,Male,24,One-Year,70.85,1731.43,0,43.2,0,0,0,Bank Transfer,0
CUST-01121,18,Male,9,Month-to-Month,51.85,492.19,1,243.8,0,0,1,Credit Card,0
CUST-01122,54,Male,47,Month-to-Month,93.09,4295.7,0,258.1,0,1,0,Cash,0
CUST-01123,26,Male,33,Month-to-Month,48.77,1566.1,2,214.8,0,1,0,Credit Card,0
CUST-01124,34,Female,62,One-Year,93.71,5835.39,1,271.0,0,0,0,Credit Card,1
CUST-01125,26,Male,19,Two-Year,27.01,505.94,1,50.6,1,0,0,Bank Transfer,0
CUST-01126,28,Male,67,Two-Year,106.45,7073.84,2,143.2,2,0,0,Credit Card,0
CUST-01127,32,Female,40,Month-to-Month,69.96,2873.41,1,186.2,0,0,1,Credit Card,0
CUST-01128,41,Male,47,Month-to-Month,63.85,2960.96,2,179.1,0,0,0,Credit Card,0
CUST-01129,55,Male,65,Month-to-Month,81.1,5273.29,1,258.4,3,0,1,Credit Card,1
CUST-01130,52,Female,29,Two-Year,82.42,2381.6,3,65.1,3,1,0,Credit Card,0
CUST-01131,47,Female,50,Month-to-Month,33.2,1606.07,1,53.1,0,0,0,Cash,0
CUST-01132,48,Female,13,Two-Year,95.62,1252.31,0,76.4,0,0,0,Cash,0
CUST-01133,66,Female,1,Month-to-Month,47.59,67.2,4,267.5,1,0,0,Bank Transfer,0
CUST-01134,22,Female,34,Two-Year,110.5,3733.62,1,282.3,2,0,1,Digital Wallet,0
CUST-01135,61,Female,48,Two-Year,101.79,4869.11,0,171.1,1,0,1,Digital Wallet,0
CUST-01136,67,Female,48,Two-Year,54.63,2652.26,4,150.7,2,0,1,Bank Transfer,0
CUST-01137,31,Male,49,Month-to-Month,100.77,4838.97,0,181.8,0,0,0,Bank Transfer,1
CUST-01138,28,Female,64,Month-to-Month,55.64,3518.71,2,185.1,0,1,0,Digital Wallet,0
CUST-01139,26,Female,61,Month-to-Month,30.09,1846.16,2,51.5,0,1,1,Bank Transfer,0
CUST-01140,51,Female,29,Month-to-Month,116.19,3343.17,0,206.1,1,0,1,Bank Transfer,0
CUST-01141,29,Male,39,Month-to-Month,85.26,3298.09,1,136.0,0,0,0,Bank Transfer,0
CUST-01142,52,Male,26,One-Year,65.61,1750.94,2,155.5,0,1,0,Bank Transfer,1
CUST-01143,52,Female,17,Month-to-Month,59.78,984.59,1,9.6,1,0,1,Digital Wallet,0
CUST-01144,18,Female,71,One-Year,52.47,3824.33,1,229.5,0,1,1,Digital Wallet,0
CUST-01145,57,Female,13,One-Year,118.14,1448.09,3,250.7,1,1,0,Cash,0
CUST-01146,39,Male,69,Month-to-Month,33.47,2198.83,2,186.0,0,1,0,Digital Wallet,0
CUST-01147,46,Male,26,Two-Year,51.48,1382.43,3,224.7,1,0,1,Credit Card,0
CUST-01148,25,Female,49,Month-to-Month,68.55,3309.75,1,157.1,2,1,0,Digital Wallet,0
CUST-01149,28,Male,67,Month-to-Month,67.8,4494.25,3,185.7,0,1,0,Digital Wallet,0
CUST-01150,58,Female,7,Month-to-Month,67.14,519.22,1,118.7,2,1,0,Digital Wallet,1
CUST-01151,54,Male,58,Two-Year,37.58,2154.78,1,237.7,0,0,0,Bank Transfer,0
CUST-01152,31,Male,49,Month-to-Month,34.49,1735.53,5,140.7,1,1,1,Credit Card,1
CUST-01153,47,Female,53,Month-to-Month,45.48,2379.92,2,204.2,2,0,1,Cash,0
CUST-01154,52,Female,65,One-Year,111.45,7262.38,3,186.6,0,0,1,Cash,0
CUST-01155,38,Female,62,Month-to-Month,31.31,1915.65,2,210.8,2,0,0,Bank Transfer,0
CUST-01156,54,Female,17,One-Year,95.74,1581.59,2,235.7,0,1,1,Credit Card,0
CUST-01157,22,Male,43,Two-Year,95.75,4203.78,4,154.1,0,1,0,Digital Wallet,0
CUST-01158,36,Male,25,Two-Year,100.98,2580.32,4,244.0,0,1,0,Bank Transfer,0
CUST-01159,31,Male,3,Month-to-Month,108.66,289.65,0,149.4,2,0,1,Bank Transfer,0
CUST-01160,43,Female,29,Month-to-Month,46.3,1333.78,3,287.0,0,0,0,Digital Wallet,0
CUST-01161,21,Male,32,Month-to-Month,42.46,1432.53,1,225.9,1,1,0,Digital Wallet,0
CUST-01162,42,Female,26,Month-to-Month,66.55,1680.89,1,51.8,0,0,0,Credit Card,0
CUST-01163,62,Male,16,Month-to-Month,46.51,697.45,2,249.0,0,1,0,Digital Wallet,0
CUST-01164,59,Female,25,Month-to-Month,93.43,2359.25,0,165.7,0,0,0,Digital Wallet,1
CUST-01165,42,Female,54,Two-Year,83.59,4627.38,0,295.3,1,1,1,Bank Transfer,0
CUST-01166,35,Male,28,Two-Year,107.5,3012.69,2,215.8,0,1,0,Credit Card,0
CUST-01167,57,Female,56,Month-to-Month,28.27,1635.61,2,25.8,1,0,0,Credit Card,0
CUST-01168,25,Female,65,Month-to-Month,111.51,7197.28,0,118.8,1,0,1,Credit Card,1
CUST-01169,56,Male,41,Month-to-Month,49.33,2040.58,1,155.4,2,0,0,Credit Card,0
CUST-01170,57,Female,51,Month-to-Month,69.07,3504.59,2,251.8,2,1,1,Credit Card,0
CUST-01171,31,Female,71,One-Year,63.86,4627.39,1,218.9,0,1,1,Bank Transfer,0
CUST-01172,49,Female,29,One-Year,96.03,2864.8,1,111.1,0,1,0,Credit Card,0
CUST-01173,68,Male,19,Two-Year,62.03,1292.54,3,196.2,0,0,1,Credit Card,0
CUST-01174,55,Male,66,One-Year,114.36,7512.99,2,173.3,0,1,0,Bank Transfer,0
CUST-01175,50,Female,41,One-Year,110.25,4522.02,1,38.3,2,0,1,Credit Card,0
CUST-01176,40,Male,45,One-Year,107.22,4843.66,1,70.8,0,0,0,Digital Wallet,0
CUST-01177,32,Female,15,Month-to-Month,27.13,374.13,2,102.7,0,1,0,Bank Transfer,0
CUST-01178,50,Female,3,One-Year,105.43,322.84,1,59.0,1,0,0,Credit Card,0
CUST-01179,42,Female,11,Month-to-Month,98.16,1125.21,0,45.5,2,0,1,Credit Card,1
CUST-01180,34,Female,53,Month-to-Month,30.35,1581.03,0,17.9,1,0,0,Digital Wallet,0
CUST-01181,50,Female,46,Month-to-Month,30.74,1378.87,2,262.0,1,0,0,Credit Card,0
CUST-01182,64,Male,30,Month-to-Month,30.12,865.12,0,87.0,0,0,1,Cash,0
CUST-01183,19,Female,57,Two-Year,21.13,1137.22,1,87.5,2,0,0,Digital Wallet,0
CUST-01184,31,Male,18,Month-to-Month,74.86,1390.18,1,62.3,0,1,1,Credit Card,0
CUST-01185,57,Male,51,Month-to-Month,117.34,5949.06,2,142.9,0,0,0,Bank Transfer,0
CUST-01186,57,Female,48,Month-to-Month,63.87,3025.2,1,154.5,1,0,1,Digital Wallet,0
CUST-01187,68,Female,66,One-Year,74.08,4915.73,0,62.9,1,0,0,Credit Card,0
CUST-01188,56,Male,8,Month-to-Month,116.8,933.87,2,182.8,0,1,0,Credit Card,1
CUST-01189,68,Male,22,Two-Year,45.52,975.16,1,217.0,1,0,1,Bank Transfer,0
CUST-01190,23,Male,6,Two-Year,105.85,675.63,3,112.5,2,1,1,Cash,0
CUST-01191,23,Female,57,One-Year,74.64,4226.21,0,175.8,1,0,1,Credit Card,0
CUST-01192,20,Male,36,One-Year,76.95,2661.35,1,150.9,0,0,0,Bank Transfer,0
CUST-01193,24,Female,57,Month-to-Month,54.32,3162.9,2,59.1,0,0,1,Credit Card,1
CUST-01194,68,Female,49,Month-to-Month,76.16,3690.43,3,219.1,1,0,1,Bank Transfer,0
CUST-01195,25,Female,45,One-Year,27.31,1193.0,4,240.5,0,1,1,Digital Wallet,0
CUST-01196,59,Male,66,Month-to-Month,96.46,6330.63,1,194.8,0,0,1,Bank Transfer,0
CUST-01197,69,Female,45,Month-to-Month,48.47,2184.13,0,97.5,0,0,0,Digital Wallet,0
CUST-01198,32,Female,20,One-Year,108.76,2161.49,3,278.1,0,0,1,Credit Card,0
CUST-01199,64,Female,64,Month-to-Month,56.79,3683.96,1,136.9,0,0,1,Digital Wallet,1
CUST-01200,46,Female,67,Two-Year,34.28,2379.02,0,80.1,0,1,1,Credit Card,0
CUST-01201,50,Female,3,Month-to-Month,89.59,234.81,1,122.8,0,0,0,Digital Wallet,1
CUST-01202,69,Male,54,One-Year,36.46,1921.94,0,207.8,0,0,0,Digital Wallet,0
CUST-01203,47,Female,64,One-Year,95.37,6077.58,0,253.9,2,0,0,Digital Wallet,0
CUST-01204,56,Female,40,One-Year,116.81,4694.35,1,107.3,1,0,1,Credit Card,0
CUST-01205,44,Male,59,Month-to-Month,97.96,5773.82,3,70.2,0,1,0,Digital Wallet,0
CUST-01206,53,Female,55,One-Year,22.24,1198.18,5,188.1,4,1,0,Bank Transfer,0
CUST-01207,46,Male,62,Two-Year,79.99,4894.53,1,276.4,2,0,0,Cash,0
CUST-01208,55,Female,4,Month-to-Month,89.54,247.72,2,55.4,1,0,1,Bank Transfer,1
CUST-01209,50,Male,60,Month-to-Month,102.55,6102.76,0,241.0,1,0,1,Digital Wallet,0
CUST-01210,54,Male,30,One-Year,25.6,831.22,2,143.2,0,1,1,Bank Transfer,0
CUST-01211,44,Female,2,One-Year,68.01,157.82,2,240.0,1,0,0,Bank Transfer,0
CUST-01212,50,Female,62,Month-to-Month,73.54,4549.9,1,151.9,1,0,1,Credit Card,0
CUST-01213,21,Female,49,Two-Year,36.91,1845.08,1,113.5,0,0,0,Credit Card,0
CUST-01214,39,Male,9,Month-to-Month,52.24,405.77,4,209.2,0,0,1,Credit Card,0
CUST-01215,19,Male,31,Month-to-Month,64.02,1987.46,3,270.2,2,1,0,Credit Card,0
CUST-01216,27,Male,61,One-Year,103.32,6213.2,3,96.4,1,0,1,Credit Card,0
CUST-01217,22,Female,48,One-Year,112.94,5438.42,0,138.5,0,0,0,Digital Wallet,0
CUST-01218,27,Male,25,Two-Year,82.84,2083.98,2,69.2,2,0,1,Bank Transfer,0
CUST-01219,50,Male,36,Two-Year,59.49,2155.81,2,55.4,0,0,0,Digital Wallet,0
CUST-01220,55,Female,8,Month-to-Month,45.4,421.58,1,233.5,1,0,0,Digital Wallet,0
CUST-01221,30,Male,58,Month-to-Month,118.21,6894.98,2,60.6,1,0,1,Digital Wallet,0
CUST-01222,48,Male,45,Month-to-Month,118.3,5263.05,2,238.1,1,1,0,Bank Transfer,0
CUST-01223,64,Female,62,One-Year,112.5,7034.14,2,129.1,0,0,1,Credit Card,0
CUST-01224,53,Male,39,Two-Year,98.57,3833.76,3,298.5,1,1,1,Digital Wallet,0
CUST-01225,62,Female,58,Month-to-Month,52.58,2951.13,4,59.6,1,0,1,Digital Wallet,0
CUST-01226,41,Female,64,Month-to-Month,101.7,6503.36,3,28.3,0,0,0,Digital Wallet,1
CUST-01227,69,Female,44,Month-to-Month,60.88,2711.08,1,23.1,1,1,1,Digital Wallet,0
CUST-01228,32,Female,29,Two-Year,52.68,1477.03,0,250.7,1,1,1,Digital Wallet,0
CUST-01229,46,Female,59,Month-to-Month,94.49,5641.55,3,131.6,0,0,0,Bank Transfer,1
CUST-01230,25,Male,71,Month-to-Month,27.97,1939.7,0,1.4,1,1,0,Digital Wallet,1
CUST-01231,22,Male,9,One-Year,24.86,199.69,0,262.5,0,0,0,Digital Wallet,0
CUST-01232,46,Female,6,Two-Year,64.8,355.56,2,263.1,1,0,0,Credit Card,0
CUST-01233,64,Female,29,One-Year,64.56,1786.79,0,242.0,0,0,0,Bank Transfer,1
CUST-01234,21,Male,58,One-Year,109.56,6304.82,2,74.9,0,0,1,Digital Wallet,0
CUST-01235,29,Female,17,Month-to-Month,32.62,518.95,1,112.1,0,0,1,Bank Transfer,0
CUST-01236,62,Female,16,One-Year,32.33,510.77,3,223.6,0,0,1,Cash,1
CUST-01237,19,Female,3,One-Year,34.75,0.0,2,147.1,1,0,0,Credit Card,0
CUST-01238,44,Male,21,Two-Year,22.97,518.2,6,46.6,0,0,0,Digital Wallet,0
CUST-01239,48,Male,64,Month-to-Month,27.17,1774.21,1,73.2,0,1,1,Digital Wallet,0
CUST-01240,68,Female,36,Month-to-Month,85.99,3154.71,0,291.8,0,0,1,Digital Wallet,0
CUST-01241,68,Female,62,Month-to-Month,63.16,3841.34,5,45.7,1,0,1,Bank Transfer,1
CUST-01242,53,Male,42,Month-to-Month,96.36,4032.48,0,218.0,1,1,0,Bank Transfer,0
CUST-01243,53,Male,42,Two-Year,119.26,5055.99,2,143.7,0,0,1,Bank Transfer,1
CUST-01244,43,Female,61,Month-to-Month,85.9,5291.27,0,224.7,0,0,0,Bank Transfer,1
CUST-01245,60,Female,13,Month-to-Month,25.05,399.6,4,198.5,1,0,0,Cash,1
CUST-01246,44,Male,11,Month-to-Month,30.46,340.2,1,132.0,1,0,1,Credit Card,1
CUST-01247,22,Male,54,Month-to-Month,108.1,5834.6,1,106.5,0,1,0,Digital Wallet,1
CUST-01248,37,Male,16,Month-to-Month,72.75,1086.1,2,226.4,0,0,1,Credit Card,0
CUST-01249,28,Female,8,Month-to-Month,102.48,873.08,0,97.3,0,0,0,Bank Transfer,1
CUST-01250,27,Male,59,Month-to-Month,105.66,6210.92,1,236.4,0,0,1,Digital Wallet,0
CUST-01251,57,Female,57,One-Year,112.77,6429.59,3,204.1,1,0,1,Credit Card,0
CUST-01252,55,Male,40,One-Year,114.98,4597.56,2,173.5,0,0,0,Digital Wallet,0
CUST-01253,23,Male,59,Month-to-Month,75.48,4333.59,2,111.0,0,1,1,Credit Card,0
CUST-01254,25,Male,2,Two-Year,54.1,67.63,1,61.9,0,1,1,Digital Wallet,0
CUST-01255,40,Male,10,One-Year,116.19,1184.59,1,213.3,1,1,1,Bank Transfer,0
CUST-01256,64,Female,44,One-Year,74.74,3286.13,0,27.9,0,0,0,Credit Card,0
CUST-01257,43,Female,11,Month-to-Month,26.43,313.82,0,291.2,1,0,0,Credit Card,1
CUST-01258,63,Male,2,Month-to-Month,84.28,207.75,0,293.6,0,1,0,Digital Wallet,0
CUST-01259,60,Female,50,Month-to-Month,78.77,3897.34,2,39.5,1,0,1,Bank Transfer,0
CUST-01260,29,Male,12,Month-to-Month,109.58,1289.2,0,31.6,1,1,0,Credit Card,0
CUST-01261,43,Male,23,Month-to-Month,85.32,1955.3,7,124.1,1,1,0,Digital Wallet,0
CUST-01262,30,Male,18,Two-Year,54.91,1027.05,1,289.1,2,1,0,Credit Card,0
CUST-01263,57,Male,62,Month-to-Month,116.62,7218.74,3,120.4,1,0,0,Digital Wallet,1
CUST-01264,35,Female,62,Month-to-Month,100.16,6120.87,1,109.5,1,0,1,Bank Transfer,0
CUST-01265,42,Male,38,One-Year,83.04,3145.61,1,211.2,1,0,0,Credit Card,0
CUST-01266,50,Male,67,Month-to-Month,49.29,3339.09,0,54.0,1,1,0,Credit Card,0
CUST-01267,64,Female,38,One-Year,57.35,2247.15,2,109.3,1,0,0,Bank Transfer,0
CUST-01268,57,Male,67,One-Year,87.0,5843.03,1,87.7,0,1,1,Credit Card,0
CUST-01269,60,Male,61,One-Year,27.2,1584.9,3,180.7,1,0,1,Credit Card,0
CUST-01270,29,Male,1,Two-Year,45.67,25.35,2,49.2,2,0,1,Digital Wallet,0
CUST-01271,61,Female,45,Month-to-Month,91.39,4136.3,1,164.8,1,1,0,Bank Transfer,0
CUST-01272,53,Male,28,One-Year,68.0,1947.31,2,257.3,0,0,0,Credit Card,0
CUST-01273,65,Female,21,Two-Year,60.24,1290.39,1,154.5,0,0,0,Bank Transfer,0
CUST-01274,21,Male,13,One-Year,35.15,444.37,4,205.2,1,0,1,Bank Transfer,0
CUST-01275,22,Male,27,Month-to-Month,64.18,1775.79,2,23.0,0,0,0,Bank Transfer,1
CUST-01276,54,Female,7,Two-Year,97.07,647.46,1,135.0,1,0,1,Digital Wallet,0
CUST-01277,25,Male,22,Month-to-Month,46.4,1030.03,0,28.9,1,0,1,Cash,0
CUST-01278,59,Male,53,Two-Year,20.54,1126.11,2,180.0,0,0,0,Bank Transfer,0
CUST-01279,66,Female,4,Month-to-Month,86.85,376.23,0,84.7,1,1,0,Credit Card,0
CUST-01280,45,Female,23,One-Year,117.26,2726.93,2,86.5,1,1,0,Credit Card,0
CUST-01281,48,Female,70,Two-Year,80.68,5676.3,1,23.5,0,0,0,Credit Card,0
CUST-01282,26,Female,33,Month-to-Month,31.99,1003.24,0,93.4,1,0,1,Credit Card,1
CUST-01283,68,Female,28,Month-to-Month,52.07,1458.84,2,152.2,1,0,1,Credit Card,0
CUST-01284,46,Male,8,Month-to-Month,106.76,808.62,2,175.6,0,1,0,Digital Wallet,0
CUST-01285,31,Female,1,Two-Year,43.26,28.79,0,20.5,1,1,1,Credit Card,0
CUST-01286,57,Male,37,Two-Year,80.77,2930.05,0,195.6,1,1,1,Digital Wallet,0
CUST-01287,58,Male,63,One-Year,60.27,3814.26,1,146.9,1,0,1,Bank Transfer,0
CUST-01288,39,Male,22,One-Year,40.78,798.9,1,161.3,2,1,1,Cash,0
CUST-01289,28,Female,70,Two-Year,101.34,7124.66,3,249.9,1,0,1,Bank Transfer,0
CUST-01290,40,Female,21,Month-to-Month,94.28,1980.65,2,103.0,4,1,0,Digital Wallet,0
CUST-01291,18,Male,35,Month-to-Month,86.16,3110.71,2,52.6,0,0,1,Cash,1
CUST-01292,63,Female,5,One-Year,43.63,207.92,1,165.8,0,0,0,Cash,0
CUST-01293,54,Female,60,Month-to-Month,29.79,1777.16,2,283.5,0,1,1,Bank Transfer,0
CUST-01294,38,Female,46,Month-to-Month,77.62,3604.65,0,155.6,2,1,0,Bank Transfer,0
CUST-01295,43,Female,50,Month-to-Month,75.37,3761.18,1,249.7,1,0,0,Bank Transfer,0
CUST-01296,63,Male,48,Month-to-Month,38.84,1878.06,0,227.2,0,0,0,Bank Transfer,0
CUST-01297,53,Male,6,Two-Year,25.62,203.44,4,155.7,0,0,0,Credit Card,0
CUST-01298,40,Female,56,Month-to-Month,28.07,1558.54,1,194.4,1,0,0,Credit Card,0
CUST-01299,18,Male,59,One-Year,119.28,7097.28,2,122.3,1,0,1,Credit Card,0
CUST-01300,68,Female,29,Month-to-Month,98.36,2768.48,2,159.4,1,1,0,Credit Card,0
CUST-01301,57,Female,71,Month-to-Month,112.2,8046.37,2,152.4,0,0,1,Credit Card,0
CUST-01302,32,Male,18,Month-to-Month,39.51,621.77,1,212.9,0,1,0,Bank Transfer,0
CUST-01303,38,Male,2,One-Year,116.06,299.73,0,123.3,0,1,0,Credit Card,0
CUST-01304,64,Male,8,One-Year,34.27,180.84,1,30.4,0,1,0,Bank Transfer,1
CUST-01305,26,Female,54,Two-Year,70.91,3928.17,1,236.7,0,1,0,Digital Wallet,0
CUST-01306,26,Male,38,One-Year,102.97,3920.9,1,205.6,1,1,0,Bank Transfer,1
CUST-01307,27,Female,48,One-Year,54.98,2591.8,3,285.1,1,0,0,Cash,0
CUST-01308,69,Male,27,One-Year,62.48,1780.22,2,128.9,1,0,0,Credit Card,0
CUST-01309,43,Male,20,Two-Year,32.82,601.96,3,23.9,3,0,1,Cash,0
CUST-01310,58,Female,12,One-Year,32.29,376.11,1,36.9,0,0,0,Credit Card,0
CUST-01311,52,Female,43,Month-to-Month,81.96,3654.52,1,232.1,0,0,1,Cash,0
CUST-01312,69,Female,61,One-Year,87.55,5360.33,3,20.8,1,1,1,Credit Card,0
CUST-01313,42,Female,31,One-Year,97.73,2928.33,0,272.4,1,0,1,Digital Wallet,0
CUST-01314,43,Female,61,One-Year,75.67,4602.21,2,84.9,1,0,1,Credit Card,0
CUST-01315,28,Female,67,Month-to-Month,84.58,5648.77,1,269.7,0,1,0,Digital Wallet,0
CUST-01316,55,Female,35,Two-Year,21.35,756.68,1,232.2,0,0,1,Credit Card,0
CUST-01317,19,Female,15,Two-Year,36.22,541.08,2,261.4,1,0,0,Digital Wallet,0
CUST-01318,24,Male,16,Month-to-Month,118.49,1923.13,2,64.6,2,1,0,Digital Wallet,0
CUST-01319,35,Female,13,Two-Year,27.6,282.4,0,178.9,0,0,1,Cash,0
CUST-01320,44,Female,35,Month-to-Month,87.88,3048.4,0,28.5,2,0,1,Digital Wallet,1
CUST-01321,51,Male,59,Month-to-Month,37.61,2234.58,3,61.1,1,1,1,Bank Transfer,0
CUST-01322,44,Female,21,Month-to-Month,91.67,1886.96,1,93.3,0,0,0,Credit Card,0
CUST-01323,34,Male,54,Month-to-Month,90.6,4947.2,0,222.4,1,0,0,Digital Wallet,0
CUST-01324,60,Male,30,Two-Year,43.42,1265.49,1,7.9,1,0,1,Credit Card,0
CUST-01325,61,Female,48,Month-to-Month,46.96,2261.25,0,271.0,3,0,1,Digital Wallet,0
CUST-01326,68,Male,35,Month-to-Month,85.48,2986.55,1,21.7,0,0,0,Credit Card,0
CUST-01327,41,Female,38,Month-to-Month,59.01,2191.65,3,113.3,1,1,0,Bank Transfer,0
CUST-01328,42,Male,31,Month-to-Month,39.45,1225.97,1,24.8,1,0,1,Bank Transfer,0
CUST-01329,24,Male,24,Month-to-Month,93.17,2170.48,0,230.8,0,1,1,Bank Transfer,0
CUST-01330,69,Male,49,One-Year,35.41,1712.91,1,42.8,3,1,0,Digital Wallet,0
CUST-01331,23,Female,32,Month-to-Month,105.56,3379.43,0,265.5,0,0,1,Credit Card,1
CUST-01332,41,Female,55,Two-Year,71.47,3859.48,3,159.3,0,0,1,Credit Card,0
CUST-01333,50,Male,58,Two-Year,30.57,1804.24,2,284.6,0,1,1,Cash,0
CUST-01334,66,Male,3,Month-to-Month,89.41,281.25,0,87.5,0,0,1,Credit Card,1
CUST-01335,46,Female,69,Two-Year,71.92,4989.08,3,136.6,1,0,0,Digital Wallet,0
CUST-01336,60,Female,10,Month-to-Month,49.81,498.22,2,208.4,0,0,1,Bank Transfer,0
CUST-01337,39,Male,25,Month-to-Month,62.25,1498.72,0,249.7,0,0,0,Digital Wallet,0
CUST-01338,43,Male,68,Month-to-Month,49.83,3388.44,1,126.7,0,0,1,Credit Card,0
CUST-01339,45,Female,61,Month-to-Month,46.3,2855.45,5,267.8,0,0,1,Bank Transfer,1
CUST-01340,67,Female,29,One-Year,36.36,994.92,1,35.8,1,0,1,Bank Transfer,0
CUST-01341,38,Female,19,One-Year,56.28,1013.78,0,212.8,0,0,0,Bank Transfer,0
CUST-01342,66,Female,43,Month-to-Month,45.1,1927.0,1,104.8,0,0,1,Cash,0
CUST-01343,24,Female,66,One-Year,88.34,5811.87,1,30.8,1,1,1,Credit Card,0
CUST-01344,34,Male,61,Month-to-Month,88.39,5390.98,2,116.3,0,1,1,Digital Wallet,0
CUST-01345,37,Female,43,One-Year,70.18,3003.16,1,264.1,1,0,0,Credit Card,0
CUST-01346,58,Male,25,Month-to-Month,97.79,2452.75,2,294.2,2,0,0,Credit Card,0
CUST-01347,66,Female,20,Month-to-Month,104.13,2143.69,1,118.1,2,0,1,Credit Card,0
CUST-01348,37,Male,48,Month-to-Month,77.98,3769.96,3,266.0,1,0,0,Credit Card,0
CUST-01349,39,Female,24,Month-to-Month,81.89,1968.17,0,153.1,0,1,1,Bank Transfer,0
CUST-01350,45,Female,11,One-Year,48.29,475.85,1,215.2,3,1,0,Credit Card,0
CUST-01351,57,Male,55,Two-Year,109.49,5985.85,0,14.1,1,1,1,Digital Wallet,0
CUST-01352,66,Male,28,Month-to-Month,22.42,669.85,1,167.4,0,1,0,Credit Card,0
CUST-01353,24,Female,69,One-Year,54.86,3761.92,4,21.5,1,0,0,Credit Card,0
CUST-01354,18,Female,63,One-Year,92.18,5758.95,1,81.0,0,1,0,Credit Card,0
CUST-01355,49,Female,59,Two-Year,28.01,1757.49,1,170.3,0,1,1,Digital Wallet,0
CUST-01356,30,Female,5,Month-to-Month,38.32,267.82,0,242.2,0,0,0,Credit Card,1
CUST-01357,47,Female,51,Month-to-Month,78.93,4019.21,3,168.5,1,0,0,Cash,0
CUST-01358,40,Male,21,Two-Year,76.0,1541.87,2,280.9,1,0,1,Credit Card,0
CUST-01359,68,Male,12,One-Year,93.89,1162.85,0,243.2,0,0,0,Bank Transfer,0
CUST-01360,36,Female,50,Month-to-Month,101.26,5038.5,2,47.3,1,1,1,Credit Card,1
CUST-01361,49,Male,4,Month-to-Month,32.86,175.87,0,117.0,2,1,1,Credit Card,1
CUST-01362,47,Male,42,Month-to-Month,21.84,892.83,0,200.7,1,1,0,Digital Wallet,0
CUST-01363,46,Male,38,One-Year,88.96,3462.75,2,281.6,1,0,1,Bank Transfer,0
CUST-01364,66,Female,25,One-Year,50.14,1227.56,2,296.3,1,1,1,Credit Card,0
CUST-01365,62,Male,14,Month-to-Month,82.6,1274.64,0,229.1,0,0,0,Credit Card,1
CUST-01366,46,Female,32,One-Year,35.05,1131.35,2,172.3,0,0,1,Credit Card,0
CUST-01367,47,Male,11,One-Year,66.9,805.12,3,227.1,2,1,1,Cash,0
CUST-01368,33,Female,61,One-Year,70.44,4269.83,1,82.3,0,1,1,Digital Wallet,0
CUST-01369,57,Male,18,One-Year,78.51,1347.61,1,85.4,1,1,1,Bank Transfer,0
CUST-01370,36,Female,27,Two-Year,71.32,1810.33,1,196.5,0,0,0,Bank Transfer,0
CUST-01371,35,Female,55,Month-to-Month,69.57,3890.18,2,261.6,2,1,1,Cash,1
CUST-01372,18,Male,54,Two-Year,53.27,2879.98,2,291.0,0,1,0,Bank Transfer,0
CUST-01373,31,Female,21,Month-to-Month,27.12,507.14,2,102.7,2,0,1,Cash,0
CUST-01374,68,Female,44,Month-to-Month,28.95,1339.71,2,239.1,0,1,1,Bank Transfer,0
CUST-01375,64,Female,5,Month-to-Month,63.38,374.7,2,255.5,0,0,0,Credit Card,0
CUST-01376,67,Female,41,Month-to-Month,55.58,2347.9,2,187.1,1,0,0,Digital Wallet,0
CUST-01377,19,Female,59,Month-to-Month,71.61,4158.0,0,104.6,0,1,1,Bank Transfer,0
CUST-01378,45,Female,54,Month-to-Month,50.48,2788.24,1,185.9,2,0,0,Digital Wallet,0
CUST-01379,66,Female,22,Two-Year,88.79,1972.58,3,175.5,1,0,0,Credit Card,0
CUST-01380,67,Female,65,Month-to-Month,106.4,6987.38,1,182.2,0,1,1,Digital Wallet,1
CUST-01381,47,Male,64,One-Year,49.89,3220.1,3,186.0,2,1,1,Bank Transfer,0
CUST-01382,55,Male,71,Month-to-Month,39.3,2798.95,0,254.2,1,0,1,Credit Card,0
CUST-01383,68,Female,4,Two-Year,31.62,189.48,3,51.4,0,1,0,Digital Wallet,0
CUST-01384,21,Female,65,One-Year,81.63,5348.54,3,110.5,0,0,1,Bank Transfer,1
CUST-01385,18,Male,15,Month-to-Month,64.39,1019.94,2,176.0,2,1,0,Digital Wallet,1
CUST-01386,25,Male,22,One-Year,38.8,829.2,0,85.4,3,1,1,Cash,0
CUST-01387,46,Male,47,One-Year,85.31,4000.95,1,293.5,0,0,1,Digital Wallet,0
CUST-01388,56,Female,46,One-Year,34.85,1516.41,1,79.3,1,0,1,Digital Wallet,0
CUST-01389,20,Male,14,One-Year,75.43,1028.01,3,141.2,1,0,1,Digital Wallet,0
CUST-01390,49,Female,50,One-Year,72.71,3675.02,1,263.3,1,0,0,Bank Transfer,0
CUST-01391,27,Female,20,One-Year,93.42,1896.61,2,24.5,1,0,1,Digital Wallet,0
CUST-01392,27,Male,50,Month-to-Month,25.51,1226.52,0,246.3,0,0,1,Bank Transfer,1
CUST-01393,36,Female,33,Month-to-Month,108.79,3654.19,1,171.5,0,0,1,Digital Wallet,1
CUST-01394,63,Female,59,Two-Year,90.3,5476.35,1,10.0,2,1,0,Credit Card,0
CUST-01395,51,Female,43,Month-to-Month,41.61,1744.09,1,270.9,0,0,1,Credit Card,0
CUST-01396,50,Female,12,Month-to-Month,38.34,449.79,2,12.2,0,0,0,Credit Card,1
CUST-01397,40,Male,40,Month-to-Month,63.17,2495.72,1,154.8,4,0,1,Digital Wallet,0
CUST-01398,45,Male,20,Month-to-Month,101.76,2030.46,0,15.2,0,1,0,Credit Card,0
CUST-01399,49,Female,38,Two-Year,104.29,3976.72,0,21.8,1,0,1,Credit Card,1
CUST-01400,67,Female,3,Month-to-Month,72.05,181.28,0,266.2,0,1,1,Bank Transfer,0
CUST-01401,24,Male,28,Month-to-Month,106.08,2956.39,7,229.9,0,0,0,Credit Card,1
CUST-01402,46,Female,56,One-Year,20.54,1154.6,0,59.5,1,0,1,Credit Card,0
CUST-01403,25,Male,13,Two-Year,23.52,329.34,3,186.3,0,0,0,Credit Card,0
CUST-01404,18,Female,66,Month-to-Month,111.18,7411.2,2,238.5,1,0,1,Digital Wallet,0
CUST-01405,20,Female,37,Month-to-Month,97.53,3607.89,2,266.9,2,0,1,Bank Transfer,0
CUST-01406,41,Male,49,Two-Year,65.07,3160.34,1,140.8,1,0,0,Cash,0
CUST-01407,40,Male,66,One-Year,95.36,6328.58,2,269.3,0,0,1,Credit Card,0
CUST-01408,25,Male,36,Month-to-Month,115.56,4180.17,1,152.6,0,1,1,Credit Card,1
CUST-01409,64,Male,54,Month-to-Month,97.21,5239.7,0,206.6,1,0,0,Credit Card,0
CUST-01410,54,Female,26,Month-to-Month,104.24,2734.49,1,293.7,1,0,1,Cash,0
CUST-01411,20,Male,40,Month-to-Month,96.06,3823.24,2,71.2,0,1,1,Bank Transfer,0
CUST-01412,68,Female,43,Month-to-Month,36.82,1556.74,0,51.0,0,0,0,Bank Transfer,0
CUST-01413,50,Male,22,Two-Year,103.36,2178.95,1,102.9,1,0,1,Cash,0
CUST-01414,45,Male,20,Month-to-Month,39.51,773.8,3,49.7,2,1,1,Credit Card,0
CUST-01415,64,Female,8,One-Year,109.26,785.95,1,85.6,4,1,0,Credit Card,0
CUST-01416,25,Male,29,Month-to-Month,65.86,1877.97,3,223.0,2,0,0,Digital Wallet,1
CUST-01417,51,Male,40,One-Year,87.7,3536.97,1,143.5,1,0,0,Digital Wallet,0
CUST-01418,52,Male,30,One-Year,69.72,2016.34,0,112.8,0,0,1,Digital Wallet,0
CUST-01419,49,Male,55,Month-to-Month,29.4,1607.51,0,110.9,0,1,1,Digital Wallet,0
CUST-01420,41,Female,16,One-Year,49.07,788.39,2,58.8,1,1,1,Bank Transfer,0
CUST-01421,31,Female,46,Month-to-Month,118.37,5433.09,0,134.5,1,0,1,Cash,1
CUST-01422,49,Male,62,Two-Year,116.07,7172.27,1,187.6,0,1,0,Bank Transfer,0
CUST-01423,63,Male,7,Two-Year,52.05,380.62,2,42.2,1,1,0,Credit Card,0
CUST-01424,60,Male,45,Month-to-Month,119.63,5406.55,2,291.9,1,0,1,Bank Transfer,1
CUST-01425,33,Female,59,Month-to-Month,104.56,6169.12,1,133.3,0,1,1,Digital Wallet,0
CUST-01426,21,Female,56,Month-to-Month,81.1,4520.31,1,284.4,1,0,0,Digital Wallet,0
CUST-01427,69,Female,48,One-Year,24.01,1195.72,2,40.8,0,0,1,Credit Card,0
CUST-01428,54,Female,27,Month-to-Month,110.14,2908.24,2,230.3,0,1,0,Credit Card,0
CUST-01429,38,Male,53,Month-to-Month,75.74,4048.59,2,185.5,1,0,0,Credit Card,0
CUST-01430,31,Male,35,Month-to-Month,106.85,3760.73,1,246.1,3,0,1,Cash,1
CUST-01431,48,Male,51,Month-to-Month,103.44,5285.39,2,180.4,1,1,0,Credit Card,0
CUST-01432,65,Female,37,One-Year,103.3,3821.61,2,288.9,0,1,0,Bank Transfer,0
CUST-01433,35,Male,57,Month-to-Month,89.82,5025.24,0,188.3,0,1,1,Digital Wallet,0
CUST-01434,24,Female,8,One-Year,49.14,462.49,0,235.5,0,0,1,Cash,0
CUST-01435,27,Female,20,Month-to-Month,53.62,1114.33,2,263.3,3,0,1,Digital Wallet,0
CUST-01436,24,Male,53,Month-to-Month,50.85,2646.98,0,214.5,1,0,1,Cash,0
CUST-01437,50,Male,12,One-Year,22.0,301.94,2,157.5,1,0,0,Digital Wallet,0
CUST-01438,40,Male,49,Two-Year,78.26,3844.18,2,82.2,2,1,0,Cash,1
CUST-01439,38,Female,17,One-Year,89.88,1498.81,2,256.4,2,1,1,Credit Card,0
CUST-01440,36,Female,64,Month-to-Month,105.39,6804.55,2,144.4,1,0,1,Bank Transfer,0
CUST-01441,65,Male,42,Month-to-Month,34.02,1407.3,1,186.4,2,0,1,Digital Wallet,0
CUST-01442,36,Male,29,Two-Year,74.42,2225.99,0,24.2,2,1,1,Credit Card,0
CUST-01443,53,Female,19,Month-to-Month,20.8,421.91,1,149.5,0,1,0,Cash,0
CUST-01444,46,Male,11,Month-to-Month,29.51,372.44,1,209.6,2,0,0,Bank Transfer,0
CUST-01445,35,Female,50,Two-Year,25.42,1299.95,1,175.4,0,0,0,Bank Transfer,0
CUST-01446,19,Female,71,Two-Year,92.55,6597.69,1,134.8,0,0,1,Credit Card,0
CUST-01447,18,Male,58,Two-Year,28.11,1641.14,1,67.4,2,1,0,Bank Transfer,0
CUST-01448,64,Male,34,Two-Year,91.65,3079.76,0,93.2,0,0,0,Credit Card,0
CUST-01449,22,Male,20,Two-Year,44.96,902.33,0,210.3,1,1,0,Credit Card,0
CUST-01450,37,Male,50,Month-to-Month,107.77,5434.32,2,67.6,1,0,1,Cash,0
CUST-01451,28,Female,10,Month-to-Month,101.31,1049.06,2,186.7,1,0,1,Cash,0
CUST-01452,59,Female,32,One-Year,115.78,3730.02,0,177.1,4,0,1,Credit Card,0
CUST-01453,19,Female,52,One-Year,108.38,5530.97,2,291.1,0,1,1,Bank Transfer,0
CUST-01454,20,Male,15,Month-to-Month,113.33,1689.29,1,18.7,1,1,1,Bank Transfer,0
CUST-01455,40,Female,3,Month-to-Month,105.87,301.7,1,32.9,3,1,0,Bank Transfer,0
CUST-01456,29,Male,37,Month-to-Month,89.34,3250.42,1,152.1,4,1,0,Bank Transfer,0
CUST-01457,37,Male,40,One-Year,37.03,1526.39,1,158.4,0,1,1,Bank Transfer,0
CUST-01458,22,Male,40,Month-to-Month,47.17,1785.53,3,12.5,1,0,0,Bank Transfer,0
CUST-01459,54,Male,56,Month-to-Month,41.27,2352.95,2,247.8,0,1,0,Digital Wallet,0
CUST-01460,55,Male,23,One-Year,80.36,1914.74,0,148.7,2,0,0,Bank Transfer,0
CUST-01461,47,Male,11,One-Year,70.36,763.47,3,104.3,0,0,0,Credit Card,0
CUST-01462,26,Female,64,Month-to-Month,106.71,6825.72,1,96.0,2,0,0,Bank Transfer,0
CUST-01463,51,Male,8,One-Year,115.27,970.54,2,258.5,1,0,1,Digital Wallet,0
CUST-01464,61,Female,56,One-Year,60.49,3349.26,4,59.4,3,1,1,Digital Wallet,0
CUST-01465,52,Female,60,Month-to-Month,70.64,4271.44,3,48.5,0,0,1,Digital Wallet,0
CUST-01466,69,Male,10,Month-to-Month,117.15,1125.61,1,64.3,1,0,0,Digital Wallet,1
CUST-01467,39,Male,39,Month-to-Month,47.62,1796.31,1,187.7,1,1,1,Credit Card,0
CUST-01468,61,Male,28,Month-to-Month,99.24,2793.52,0,243.4,0,1,1,Bank Transfer,0
CUST-01469,41,Female,49,Two-Year,42.52,2082.15,4,99.6,1,0,1,Digital Wallet,0
CUST-01470,34,Male,36,Month-to-Month,88.15,3087.35,0,52.5,2,0,0,Digital Wallet,0
CUST-01471,27,Female,13,One-Year,45.36,660.45,2,63.2,1,0,0,Bank Transfer,0
CUST-01472,47,Male,36,Month-to-Month,108.37,3880.58,3,185.9,1,1,1,Bank Transfer,0
CUST-01473,63,Male,26,Month-to-Month,76.15,2005.43,3,74.2,0,1,1,Digital Wallet,0
CUST-01474,40,Female,4,One-Year,38.59,234.62,2,263.2,0,0,0,Credit Card,0
CUST-01475,49,Female,64,Month-to-Month,42.44,2728.54,0,31.6,2,1,0,Credit Card,0
CUST-01476,34,Male,38,Month-to-Month,69.38,2700.1,2,10.2,0,0,1,Bank Transfer,1
CUST-01477,67,Female,22,Month-to-Month,116.16,2512.37,0,27.0,1,0,0,Credit Card,0
CUST-01478,68,Female,2,Month-to-Month,96.96,264.97,2,253.8,1,0,0,Bank Transfer,0
CUST-01479,34,Female,31,One-Year,68.83,2092.44,1,195.5,1,0,0,Credit Card,0
CUST-01480,31,Female,11,Month-to-Month,53.77,562.91,0,287.3,2,1,0,Digital Wallet,0
CUST-01481,26,Female,46,Two-Year,74.93,3374.05,2,101.2,0,0,0,Credit Card,0
CUST-01482,57,Male,62,One-Year,94.84,5893.5,1,64.2,1,0,0,Digital Wallet,0
CUST-01483,19,Male,69,Month-to-Month,98.39,6820.46,1,168.8,0,0,0,Digital Wallet,1
CUST-01484,62,Female,64,Month-to-Month,52.46,3395.78,1,161.6,2,0,0,Bank Transfer,0
CUST-01485,42,Male,10,Month-to-Month,92.12,849.62,1,177.5,3,0,0,Credit Card,0
CUST-01486,56,Male,40,One-Year,85.78,3449.95,3,104.6,2,0,0,Digital Wallet,0
CUST-01487,26,Female,24,Month-to-Month,115.91,2802.44,3,2.3,1,0,0,Credit Card,1
CUST-01488,39,Male,44,Two-Year,113.11,5007.58,3,11.0,2,0,0,Credit Card,0
CUST-01489,60,Female,60,Month-to-Month,98.94,5897.76,4,199.3,0,1,0,Credit Card,0
CUST-01490,63,Female,62,Two-Year,92.34,5599.81,1,157.2,0,1,0,Credit Card,0
CUST-01491,21,Male,17,Month-to-Month,47.4,841.12,1,246.4,0,0,0,Digital Wallet,0
CUST-01492,43,Female,65,Two-Year,104.6,6791.71,2,90.5,0,0,1,Digital Wallet,0
CUST-01493,46,Female,57,Month-to-Month,62.75,3590.76,0,244.7,1,1,0,Bank Transfer,0
CUST-01494,62,Female,55,Month-to-Month,47.22,2592.37,3,127.9,0,0,1,Cash,0
CUST-01495,51,Female,53,Month-to-Month,58.42,3107.99,2,29.5,1,0,0,Credit Card,0
CUST-01496,40,Female,56,Month-to-Month,103.59,5837.9,0,293.4,0,0,1,Digital Wallet,0
CUST-01497,54,Male,9,Two-Year,34.86,220.89,2,153.8,0,1,0,Digital Wallet,0
CUST-01498,28,Male,22,Month-to-Month,65.62,1500.69,1,189.0,1,0,1,Digital Wallet,0
CUST-01499,23,Female,13,Month-to-Month,69.24,891.01,2,201.4,1,0,0,Credit Card,1
CUST-01500,35,Female,48,One-Year,23.66,1217.03,2,109.0,1,0,1,Digital Wallet,0
CUST-01501,38,Male,18,Month-to-Month,39.57,689.29,1,224.4,1,1,0,Credit Card,0
CUST-01502,59,Female,40,One-Year,102.67,4072.72,1,261.1,0,0,1,Bank Transfer,0
CUST-01503,53,Male,17,One-Year,103.08,1744.94,0,116.5,0,0,1,Bank Transfer,0
CUST-01504,58,Female,15,Month-to-Month,49.24,763.6,3,197.3,2,0,1,Digital Wallet,0
CUST-01505,55,Female,15,Two-Year,107.49,1598.63,0,227.3,0,0,1,Credit Card,0
CUST-01506,51,Female,63,Month-to-Month,97.18,6150.97,2,57.4,2,0,1,Credit Card,0
CUST-01507,34,Female,39,Month-to-Month,61.79,2390.45,0,100.1,1,0,1,Credit Card,0
CUST-01508,54,Female,13,One-Year,94.84,1234.66,3,33.1,0,0,0,Credit Card,0
CUST-01509,42,Female,32,One-Year,116.13,3827.99,2,180.9,0,1,0,Credit Card,0
CUST-01510,55,Female,9,Month-to-Month,65.9,610.96,1,240.4,1,0,0,Cash,0
CUST-01511,29,Male,40,One-Year,43.84,1775.47,1,183.4,0,1,0,Credit Card,0
CUST-01512,40,Male,20,Month-to-Month,114.18,2209.97,0,54.3,0,0,0,Credit Card,0
CUST-01513,59,Male,63,Month-to-Month,80.37,5131.02,0,164.1,1,1,1,Digital Wallet,0
CUST-01514,39,Female,44,Two-Year,30.53,1396.64,3,250.6,0,1,1,Digital Wallet,0
CUST-01515,38,Female,38,Month-to-Month,77.27,2900.54,3,91.2,1,0,0,Digital Wallet,1
CUST-01516,44,Female,60,Month-to-Month,70.06,4255.94,1,249.9,0,1,1,Digital Wallet,0
CUST-01517,48,Female,71,Two-Year,105.56,7511.25,0,235.5,2,0,0,Credit Card,0
CUST-01518,23,Female,48,Two-Year,73.07,3509.68,0,7.0,0,1,1,Digital Wallet,0
CUST-01519,44,Female,18,Month-to-Month,45.52,883.91,1,72.2,1,0,0,Bank Transfer,0
CUST-01520,57,Female,16,One-Year,87.56,1375.35,2,163.1,0,0,1,Digital Wallet,0
CUST-01521,51,Male,55,One-Year,74.26,4048.18,1,215.4,1,0,1,Cash,0
CUST-01522,29,Female,39,Two-Year,43.3,1699.08,1,264.2,2,0,0,Digital Wallet,0
CUST-01523,62,Male,68,Two-Year,77.36,5286.89,4,192.5,2,1,1,Digital Wallet,0
CUST-01524,24,Male,59,Month-to-Month,102.15,6075.17,3,114.4,1,0,1,Credit Card,0
CUST-01525,27,Female,62,Month-to-Month,22.86,1409.77,1,55.8,0,0,0,Bank Transfer,0
CUST-01526,62,Female,13,Month-to-Month,83.09,1037.68,3,228.1,2,1,1,Cash,0
CUST-01527,34,Male,6,One-Year,54.96,456.19,3,62.4,0,1,1,Bank Transfer,0
CUST-01528,43,Male,60,One-Year,49.27,2901.87,2,208.8,0,1,0,Credit Card,0
CUST-01529,38,Female,14,One-Year,59.26,832.4,2,54.8,1,1,0,Digital Wallet,0
CUST-01530,45,Female,54,Two-Year,54.2,2965.79,3,27.8,1,0,1,Credit Card,0
CUST-01531,63,Male,4,Month-to-Month,103.22,470.44,4,75.7,1,0,1,Digital Wallet,1
CUST-01532,19,Female,39,Month-to-Month,47.48,1823.36,2,85.8,0,0,0,Cash,0
CUST-01533,60,Female,25,Month-to-Month,93.32,2239.25,5,194.3,3,1,1,Bank Transfer,1
CUST-01534,18,Female,32,Month-to-Month,29.41,911.61,3,48.7,0,0,0,Bank Transfer,1
CUST-01535,68,Male,59,Month-to-Month,115.14,6836.33,1,279.1,0,0,1,Credit Card,0
CUST-01536,53,Male,63,Month-to-Month,82.23,5212.36,0,166.5,3,0,1,Cash,0
CUST-01537,68,Male,38,One-Year,90.67,3478.97,1,147.5,0,0,0,Bank Transfer,0
CUST-01538,43,Female,53,Two-Year,49.8,2674.98,2,130.7,0,0,1,Bank Transfer,0
CUST-01539,46,Female,67,One-Year,61.21,4168.07,0,170.2,2,0,1,Digital Wallet,0
CUST-01540,38,Male,28,One-Year,42.38,1147.85,4,7.2,0,0,0,Credit Card,0
CUST-01541,28,Male,3,Month-to-Month,113.25,279.86,1,297.0,0,0,1,Bank Transfer,0
CUST-01542,57,Male,22,One-Year,68.81,1532.34,4,167.5,0,1,0,Digital Wallet,0
CUST-01543,28,Female,38,One-Year,83.04,3103.09,0,11.0,2,1,1,Cash,0
CUST-01544,53,Male,62,One-Year,93.43,5729.61,2,177.2,2,0,1,Credit Card,0
CUST-01545,66,Male,57,Month-to-Month,57.11,3316.47,2,131.4,1,1,0,Credit Card,0
CUST-01546,56,Female,6,Month-to-Month,92.01,564.58,0,7.7,2,1,1,Bank Transfer,1
CUST-01547,57,Female,32,Month-to-Month,87.6,2804.62,2,277.4,1,0,1,Digital Wallet,0
CUST-01548,52,Female,10,One-Year,90.57,908.16,1,3.7,0,1,1,Bank Transfer,0
CUST-01549,51,Male,3,Two-Year,68.92,201.45,3,173.6,0,1,0,Cash,0
CUST-01550,64,Female,59,Two-Year,58.29,3499.97,3,288.6,2,0,0,Credit Card,0
CUST-01551,41,Female,49,Month-to-Month,42.21,1992.56,1,71.7,0,0,1,Credit Card,0
CUST-01552,39,Male,59,One-Year,102.46,5967.34,0,76.6,1,0,1,Credit Card,0
CUST-01553,22,Female,31,Two-Year,80.84,2459.22,2,0.6,1,1,0,Cash,0
CUST-01554,50,Male,69,Month-to-Month,64.44,4460.82,1,20.4,1,0,1,Credit Card,0
CUST-01555,53,Male,62,Month-to-Month,114.4,7183.07,2,13.9,1,1,1,Bank Transfer,1
CUST-01556,64,Female,52,Two-Year,24.78,1332.01,1,246.9,0,0,1,Bank Transfer,0
CUST-01557,37,Female,41,Month-to-Month,105.02,4335.44,0,251.1,0,0,0,Digital Wallet,0
CUST-01558,36,Female,31,Two-Year,119.76,3708.57,0,218.1,0,0,0,Credit Card,0
CUST-01559,52,Female,22,Two-Year,108.69,2324.55,2,106.1,2,0,0,Digital Wallet,0
CUST-01560,69,Female,4,One-Year,101.04,429.91,0,246.5,1,1,1,Bank Transfer,0
CUST-01561,60,Female,13,Two-Year,57.43,847.89,2,162.2,0,1,0,Cash,0
CUST-01562,34,Male,45,One-Year,43.13,1928.85,1,91.6,1,0,1,Digital Wallet,0
CUST-01563,62,Male,42,One-Year,93.49,3898.55,3,131.5,1,0,1,Bank Transfer,0
CUST-01564,60,Female,49,Month-to-Month,50.46,2460.78,1,20.2,2,1,0,Cash,0
CUST-01565,51,Male,20,Month-to-Month,37.6,781.99,1,283.5,1,1,0,Credit Card,0
CUST-01566,26,Female,54,Month-to-Month,98.65,5332.69,0,185.9,1,1,1,Digital Wallet,1
CUST-01567,43,Male,36,One-Year,51.25,1890.5,1,219.5,0,0,1,Bank Transfer,0
CUST-01568,19,Male,1,Month-to-Month,111.44,109.77,0,203.1,0,1,0,Bank Transfer,0
CUST-01569,26,Male,15,Month-to-Month,104.06,1548.85,1,200.5,2,1,1,Credit Card,0
CUST-01570,26,Female,17,Month-to-Month,104.76,1792.37,1,5.7,1,0,1,Bank Transfer,0
CUST-01571,57,Male,24,One-Year,97.16,2304.86,1,157.8,0,0,1,Credit Card,0
CUST-01572,34,Female,58,Two-Year,108.09,6356.26,0,246.6,1,0,1,Digital Wallet,0
CUST-01573,18,Male,23,Two-Year,100.57,2354.27,1,13.8,1,1,0,Credit Card,0
CUST-01574,42,Male,46,Month-to-Month,80.25,3636.52,3,286.9,0,0,1,Digital Wallet,1
CUST-01575,60,Male,8,Two-Year,49.58,359.35,2,127.5,1,0,1,Digital Wallet,0
CUST-01576,57,Male,59,One-Year,108.82,6448.65,3,87.3,1,0,0,Digital Wallet,0
CUST-01577,59,Male,59,One-Year,104.06,6148.71,0,159.8,2,0,1,Digital Wallet,1
CUST-01578,42,Female,13,One-Year,67.29,889.9,2,240.5,0,0,0,Credit Card,1
CUST-01579,56,Female,39,Month-to-Month,23.91,922.88,2,142.7,0,1,1,Credit Card,0
CUST-01580,52,Male,28,Two-Year,83.85,2370.56,2,193.7,0,0,1,Bank Transfer,0
CUST-01581,20,Male,61,Month-to-Month,25.06,1520.23,2,150.2,1,0,1,Cash,0
CUST-01582,67,Male,16,Month-to-Month,112.63,1830.25,6,189.6,0,0,0,Bank Transfer,1
CUST-01583,54,Male,2,One-Year,116.16,270.97,2,41.8,0,0,1,Digital Wallet,0
CUST-01584,61,Female,17,Month-to-Month,38.95,742.49,2,12.1,1,0,1,Cash,0
CUST-01585,61,Male,30,Month-to-Month,87.64,2603.47,0,41.5,1,0,0,Cash,0
CUST-01586,68,Female,13,One-Year,29.23,379.43,1,86.1,1,0,1,Bank Transfer,0
CUST-01587,47,Male,13,Month-to-Month,92.95,1147.4,2,76.4,1,1,1,Bank Transfer,0
CUST-01588,55,Female,43,One-Year,54.73,2444.7,1,184.7,0,0,0,Cash,0
CUST-01589,51,Male,21,One-Year,88.11,1751.54,4,137.0,0,1,0,Digital Wallet,0
CUST-01590,29,Male,55,One-Year,57.29,3235.09,1,12.1,0,0,0,Digital Wallet,0
CUST-01591,36,Female,40,One-Year,34.56,1387.07,1,10.9,0,0,0,Digital Wallet,0
CUST-01592,54,Male,15,One-Year,60.61,930.07,1,27.6,2,1,1,Digital Wallet,0
CUST-01593,61,Male,52,One-Year,31.27,1617.76,1,106.2,1,0,1,Bank Transfer,0
CUST-01594,66,Male,53,One-Year,77.69,4119.13,4,2.4,0,1,0,Digital Wallet,0
CUST-01595,34,Female,52,One-Year,24.1,1282.6,0,148.4,0,0,1,Digital Wallet,0
CUST-01596,27,Male,30,One-Year,72.73,2100.07,0,108.5,0,0,0,Credit Card,0
CUST-01597,66,Male,33,Two-Year,108.64,3552.51,1,166.9,2,0,0,Credit Card,0
CUST-01598,64,Female,57,Month-to-Month,103.79,5873.78,2,216.4,0,1,0,Cash,0
CUST-01599,29,Female,52,Month-to-Month,108.28,5652.93,3,75.7,1,1,1,Digital Wallet,0
CUST-01600,33,Female,9,Two-Year,112.2,1010.02,0,47.5,1,0,1,Bank Transfer,0
CUST-01601,41,Male,54,Month-to-Month,30.45,1675.2,2,83.8,2,0,1,Credit Card,0
CUST-01602,36,Male,1,Month-to-Month,32.87,41.11,0,1.0,1,0,0,Digital Wallet,0
CUST-01603,25,Male,44,One-Year,75.7,3383.73,2,36.4,0,1,0,Credit Card,0
CUST-01604,48,Female,9,Month-to-Month,109.4,947.59,2,225.4,1,0,1,Bank Transfer,0
CUST-01605,38,Male,32,Month-to-Month,117.43,3760.67,1,67.2,1,0,0,Digital Wallet,1
CUST-01606,34,Male,15,Two-Year,24.63,424.92,2,298.3,1,0,0,Bank Transfer,0
CUST-01607,40,Female,12,One-Year,55.58,712.43,2,50.8,1,1,1,Cash,0
CUST-01608,54,Female,57,Month-to-Month,41.29,2279.55,0,236.7,0,0,0,Credit Card,0
CUST-01609,33,Female,8,Two-Year,95.6,713.74,3,211.7,1,1,0,Credit Card,0
CUST-01610,23,Female,27,Two-Year,84.02,2264.45,1,97.0,0,1,0,Credit Card,0
CUST-01611,25,Female,62,Month-to-Month,31.99,1971.64,2,99.6,0,0,1,Credit Card,0
CUST-01612,42,Male,12,Month-to-Month,68.35,816.93,1,169.3,1,0,1,Credit Card,1
CUST-01613,35,Female,65,Two-Year,88.54,5794.91,2,255.8,1,0,0,Digital Wallet,1
CUST-01614,42,Male,42,One-Year,97.9,4126.27,2,116.2,0,0,0,Bank Transfer,0
CUST-01615,29,Male,62,One-Year,22.01,1382.0,5,18.8,2,0,0,Cash,0
CUST-01616,32,Female,11,Two-Year,109.05,1233.08,2,112.6,1,1,0,Credit Card,0
CUST-01617,43,Female,43,One-Year,76.93,3361.7,1,62.6,1,1,1,Digital Wallet,1
CUST-01618,58,Female,17,Month-to-Month,101.19,1567.43,3,281.8,0,1,0,Cash,0
CUST-01619,62,Male,32,One-Year,100.79,3205.95,0,209.3,1,1,0,Credit Card,0
CUST-01620,43,Female,40,Month-to-Month,38.99,1515.45,2,15.7,0,0,1,Bank Transfer,0
CUST-01621,64,Female,23,One-Year,31.02,737.23,1,88.3,0,0,0,Digital Wallet,0
CUST-01622,49,Female,56,One-Year,92.13,5136.17,3,15.5,1,0,1,Digital Wallet,0
CUST-01623,27,Female,6,Month-to-Month,35.64,217.63,1,249.1,0,0,0,Bank Transfer,1
CUST-01624,33,Female,50,One-Year,104.99,5292.11,0,271.9,0,0,0,Credit Card,0
CUST-01625,24,Male,37,Month-to-Month,92.62,3396.79,0,34.1,2,0,0,Digital Wallet,0
CUST-01626,34,Male,64,Month-to-Month,104.18,6685.66,0,132.4,0,1,0,Digital Wallet,0
CUST-01627,40,Male,54,One-Year,49.9,2772.29,0,279.6,0,1,1,Credit Card,0
CUST-01628,43,Female,49,Month-to-Month,51.66,2572.92,0,44.0,2,1,1,Cash,0
CUST-01629,38,Female,11,One-Year,87.12,879.03,0,87.9,1,0,0,Bank Transfer,1
CUST-01630,39,Female,49,Month-to-Month,23.14,1119.27,3,91.6,0,1,1,Bank Transfer,0
CUST-01631,24,Male,21,One-Year,92.65,1963.44,2,9.5,3,0,1,Digital Wallet,0
CUST-01632,31,Female,66,Two-Year,103.58,6863.92,5,11.4,0,0,0,Digital Wallet,1
CUST-01633,32,Female,63,One-Year,61.52,3863.14,0,285.9,2,0,0,Credit Card,0
CUST-01634,24,Female,28,Month-to-Month,96.49,2669.73,0,171.5,1,0,0,Bank Transfer,0
CUST-01635,26,Male,17,Two-Year,37.46,640.21,1,92.3,2,1,1,Digital Wallet,0
CUST-01636,68,Female,6,Month-to-Month,52.23,259.04,0,113.9,0,0,0,Digital Wallet,0
CUST-01637,65,Male,19,Month-to-Month,117.43,2286.16,2,214.6,1,0,0,Cash,1
CUST-01638,25,Female,56,Month-to-Month,118.63,6736.71,1,110.3,0,0,0,Credit Card,0
CUST-01639,67,Male,28,Month-to-Month,71.26,2015.01,1,68.7,2,1,1,Credit Card,0
CUST-01640,40,Male,66,Two-Year,113.43,7474.76,3,31.0,2,0,1,Bank Transfer,0
CUST-01641,46,Male,38,Month-to-Month,72.27,2793.31,2,218.8,1,1,0,Digital Wallet,0
CUST-01642,35,Female,37,One-Year,49.16,1857.52,1,54.6,1,1,0,Credit Card,0
CUST-01643,48,Female,68,One-Year,46.69,3161.14,1,21.4,1,1,1,Digital Wallet,0
CUST-01644,47,Male,49,Month-to-Month,112.95,5532.16,2,128.4,0,0,0,Credit Card,0
CUST-01645,69,Male,43,One-Year,37.24,1570.84,1,12.4,0,0,0,Credit Card,0
CUST-01646,56,Female,36,Month-to-Month,77.96,2814.79,1,289.5,0,0,1,Cash,0
CUST-01647,52,Female,58,Month-to-Month,75.55,4396.85,0,188.4,0,1,1,Bank Transfer,0
CUST-01648,35,Male,13,Month-to-Month,93.96,1182.47,1,46.2,0,1,0,Cash,0
CUST-01649,59,Female,52,Two-Year,69.92,3582.11,1,52.1,5,0,0,Credit Card,0
CUST-01650,56,Female,58,Two-Year,47.23,2673.04,0,171.2,2,0,1,Credit Card,0
CUST-01651,34,Female,32,Month-to-Month,36.94,1202.91,2,107.3,1,0,1,Digital Wallet,0
CUST-01652,31,Female,60,Month-to-Month,82.08,4924.23,1,232.4,3,1,1,Digital Wallet,0
CUST-01653,48,Male,58,One-Year,91.9,5326.02,2,164.0,0,0,1,Bank Transfer,0
CUST-01654,41,Female,56,Month-to-Month,76.95,4332.43,1,130.3,1,1,0,Credit Card,0
CUST-01655,52,Female,28,Two-Year,93.84,2582.47,1,288.9,0,1,1,Digital Wallet,0
CUST-01656,61,Male,1,One-Year,34.15,0.0,4,117.5,2,0,0,Credit Card,0
CUST-01657,62,Male,42,Month-to-Month,108.25,4558.55,1,120.5,0,0,1,Digital Wallet,1
CUST-01658,51,Female,48,Two-Year,78.24,3669.09,1,199.9,1,1,1,Credit Card,0
CUST-01659,20,Female,40,Month-to-Month,32.68,1294.25,3,242.9,0,0,1,Digital Wallet,0
CUST-01660,54,Female,63,Two-Year,66.19,4293.29,0,188.1,3,0,1,Bank Transfer,1
CUST-01661,60,Female,4,Two-Year,104.48,350.49,2,209.7,2,0,0,Bank Transfer,0
CUST-01662,57,Male,38,Month-to-Month,109.76,4149.39,2,112.2,0,0,0,Digital Wallet,1
CUST-01663,43,Male,27,Month-to-Month,46.46,1148.28,1,144.1,2,1,0,Credit Card,1
CUST-01664,40,Male,9,Two-Year,91.13,808.48,0,59.5,0,0,1,Digital Wallet,1
CUST-01665,61,Female,16,Two-Year,30.0,578.33,0,204.2,2,0,0,Credit Card,0
CUST-01666,56,Female,56,Month-to-Month,23.35,1330.95,2,66.8,0,1,0,Bank Transfer,0
CUST-01667,32,Female,31,Two-Year,76.04,2326.55,1,0.9,0,0,1,Bank Transfer,0
CUST-01668,66,Female,14,Month-to-Month,89.48,1361.79,1,280.2,0,0,0,Cash,0
CUST-01669,21,Male,25,Month-to-Month,99.58,2402.38,1,92.2,0,1,1,Credit Card,0
CUST-01670,46,Male,34,Two-Year,54.02,1859.38,2,59.4,1,1,0,Bank Transfer,1
CUST-01671,39,Female,67,Month-to-Month,20.65,1386.8,1,80.8,0,0,0,Digital Wallet,0
CUST-01672,42,Male,24,Two-Year,67.95,1618.45,1,99.5,0,0,0,Credit Card,0
CUST-01673,30,Female,26,Month-to-Month,21.59,601.69,2,142.6,1,1,1,Credit Card,1
CUST-01674,35,Female,20,One-Year,29.2,524.9,0,21.3,2,0,0,Bank Transfer,0
CUST-01675,50,Male,64,Month-to-Month,52.67,3386.51,3,16.3,1,0,0,Credit Card,0
CUST-01676,33,Female,10,One-Year,63.72,646.48,3,88.2,0,0,1,Bank Transfer,0
CUST-01677,62,Female,67,One-Year,47.95,3169.1,1,89.1,2,0,1,Digital Wallet,0
CUST-01678,59,Male,24,Month-to-Month,78.19,1974.06,0,35.7,0,1,0,Digital Wallet,0
CUST-01679,61,Female,5,One-Year,25.53,118.56,1,121.7,2,0,1,Bank Transfer,0
CUST-01680,19,Female,67,Month-to-Month,34.46,2301.89,2,85.6,2,1,1,Digital Wallet,0
CUST-01681,52,Male,58,Month-to-Month,89.53,5141.36,2,8.3,0,0,1,Credit Card,1
CUST-01682,59,Female,27,Two-Year,34.21,915.5,1,265.8,0,0,0,Bank Transfer,0
CUST-01683,51,Male,15,Month-to-Month,83.98,1376.44,4,265.9,1,1,0,Cash,0
CUST-01684,47,Female,35,One-Year,25.47,878.81,3,63.2,2,0,0,Credit Card,0
CUST-01685,30,Male,53,One-Year,60.74,3245.16,4,49.3,0,0,1,Bank Transfer,0
CUST-01686,30,Male,44,One-Year,37.74,1708.09,2,164.4,1,0,0,Digital Wallet,0
CUST-01687,35,Male,26,Month-to-Month,30.96,795.89,1,189.4,1,0,1,Digital Wallet,1
CUST-01688,49,Female,47,Month-to-Month,76.7,3584.42,0,287.3,0,0,0,Bank Transfer,1
CUST-01689,49,Male,34,Month-to-Month,112.83,3859.83,2,113.5,1,0,0,Credit Card,0
CUST-01690,52,Male,50,One-Year,25.48,1261.94,2,185.7,1,1,1,Bank Transfer,0
CUST-01691,56,Male,12,Two-Year,62.16,729.33,2,263.5,1,0,1,Credit Card,0
CUST-01692,63,Male,4,One-Year,90.75,409.99,0,135.3,1,1,1,Digital Wallet,0
CUST-01693,69,Male,48,Month-to-Month,66.27,3177.49,0,37.1,0,0,0,Bank Transfer,0
CUST-01694,46,Female,55,Month-to-Month,100.65,5596.41,1,113.5,1,0,0,Digital Wallet,1
CUST-01695,66,Female,1,Month-to-Month,37.96,33.36,2,41.4,2,0,1,Credit Card,0
CUST-01696,46,Female,66,Month-to-Month,115.96,7587.5,6,5.5,1,0,0,Bank Transfer,0
CUST-01697,61,Female,30,Month-to-Month,58.52,1584.31,2,225.6,1,0,1,Bank Transfer,0
CUST-01698,33,Female,3,Month-to-Month,54.16,70.57,0,71.9,0,0,0,Credit Card,0
CUST-01699,61,Female,21,Month-to-Month,107.46,2173.36,0,1.1,1,1,1,Bank Transfer,0
CUST-01700,64,Female,49,Month-to-Month,76.39,3756.44,3,261.8,1,0,1,Credit Card,0
CUST-01701,27,Male,62,Month-to-Month,71.64,4393.11,1,133.4,0,0,0,Credit Card,0
CUST-01702,47,Female,38,Month-to-Month,92.7,3423.89,2,72.0,1,0,1,Credit Card,1
CUST-01703,42,Male,15,Month-to-Month,77.98,1163.15,2,79.2,1,1,0,Credit Card,0
CUST-01704,56,Male,52,Month-to-Month,36.25,1830.91,1,72.5,2,0,0,Cash,0
CUST-01705,37,Female,46,One-Year,87.42,4044.47,2,58.8,0,0,0,Credit Card,0
CUST-01706,22,Male,25,Month-to-Month,33.35,855.66,8,252.4,1,0,1,Cash,0
CUST-01707,18,Male,21,Month-to-Month,100.59,2139.59,1,51.5,2,0,0,Bank Transfer,0
CUST-01708,47,Male,5,Month-to-Month,118.97,466.94,3,168.8,0,0,1,Bank Transfer,0
CUST-01709,66,Male,70,Month-to-Month,57.74,4044.07,1,23.7,0,0,0,Bank Transfer,1
CUST-01710,20,Female,47,Month-to-Month,64.48,3024.49,2,284.9,0,0,0,Cash,0
CUST-01711,62,Female,68,Month-to-Month,24.64,1614.44,0,181.2,0,0,0,Digital Wallet,0
CUST-01712,31,Female,18,One-Year,21.37,277.79,1,271.0,0,1,1,Cash,0
CUST-01713,47,Female,21,Month-to-Month,112.14,2349.51,3,119.7,1,0,0,Digital Wallet,0
CUST-01714,67,Female,23,Month-to-Month,32.86,808.99,0,243.3,3,0,0,Credit Card,0
CUST-01715,21,Female,64,Two-Year,64.58,4004.03,3,256.2,1,0,0,Cash,0
CUST-01716,35,Female,67,Month-to-Month,101.54,6761.55,0,211.0,0,0,0,Cash,1
CUST-01717,54,Female,40,Month-to-Month,108.93,4363.78,1,28.3,2,0,0,Credit Card,0
CUST-01718,42,Female,10,Two-Year,71.94,775.65,2,5.3,0,0,0,Cash,1
CUST-01719,65,Female,52,Two-Year,76.5,3962.38,0,51.0,0,0,0,Digital Wallet,1
CUST-01720,18,Male,61,Month-to-Month,86.97,5401.72,0,35.9,2,0,0,Cash,0
CUST-01721,63,Female,64,Month-to-Month,116.14,7343.19,3,217.7,0,1,0,Cash,1
CUST-01722,32,Male,5,Month-to-Month,80.27,300.5,1,167.3,1,0,1,Cash,0
CUST-01723,26,Male,53,Month-to-Month,75.95,4076.24,4,158.0,1,0,0,Cash,0
CUST-01724,32,Male,55,One-Year,21.45,1062.27,0,76.2,0,0,0,Credit Card,0
CUST-01725,66,Male,37,Month-to-Month,28.09,1062.41,2,46.8,1,0,1,Credit Card,0
CUST-01726,41,Female,56,Month-to-Month,77.72,4337.59,2,62.4,0,0,1,Credit Card,0
CUST-01727,21,Male,59,Two-Year,113.62,6658.53,1,120.4,0,0,1,Credit Card,0
CUST-01728,29,Female,69,Two-Year,106.67,7338.9,2,222.2,0,0,0,Bank Transfer,0
CUST-01729,54,Female,59,Month-to-Month,118.26,6912.89,5,76.7,2,0,1,Digital Wallet,1
CUST-01730,54,Male,2,One-Year,72.78,129.64,1,209.7,0,0,1,Bank Transfer,0
CUST-01731,60,Female,65,Month-to-Month,98.79,6422.22,2,147.7,1,1,1,Digital Wallet,0
CUST-01732,23,Male,60,Two-Year,104.04,6221.59,0,265.7,0,0,1,Digital Wallet,0
CUST-01733,56,Male,51,Month-to-Month,84.8,4295.55,1,70.3,1,0,0,Digital Wallet,1
CUST-01734,63,Female,30,Month-to-Month,53.87,1628.81,2,135.5,0,0,0,Bank Transfer,0
CUST-01735,41,Female,11,Month-to-Month,67.0,819.98,3,29.5,0,0,1,Credit Card,1
CUST-01736,28,Male,39,Month-to-Month,105.79,4112.5,2,100.9,1,0,0,Credit Card,0
CUST-01737,30,Female,63,Month-to-Month,49.85,3181.55,1,152.3,0,0,1,Bank Transfer,0
CUST-01738,51,Female,64,One-Year,112.37,7143.37,0,220.0,3,0,0,Digital Wallet,0
CUST-01739,42,Female,61,One-Year,42.98,2555.08,1,59.8,0,0,1,Bank Transfer,0
CUST-01740,24,Male,54,Month-to-Month,94.95,5149.97,2,65.8,0,0,0,Digital Wallet,0
CUST-01741,69,Male,58,Month-to-Month,83.06,4805.8,1,189.7,3,0,0,Credit Card,1
CUST-01742,21,Female,56,Month-to-Month,94.96,5374.23,1,115.0,0,1,1,Credit Card,0
CUST-01743,25,Female,34,Two-Year,63.73,2233.09,0,144.9,0,1,0,Digital Wallet,0
CUST-01744,37,Female,31,Two-Year,113.26,3553.01,1,250.9,0,0,0,Credit Card,0
CUST-01745,46,Female,52,Two-Year,83.25,4369.87,2,150.0,2,0,0,Digital Wallet,0
CUST-01746,68,Female,1,Two-Year,48.83,0.0,2,195.9,1,1,1,Digital Wallet,0
CUST-01747,62,Male,55,Month-to-Month,83.85,4633.98,1,197.2,0,0,1,Credit Card,0
CUST-01748,63,Female,22,Month-to-Month,48.68,1114.1,2,241.2,2,1,1,Bank Transfer,0
CUST-01749,27,Male,40,One-Year,49.36,1910.81,2,191.6,1,0,0,Digital Wallet,0
CUST-01750,60,Female,1,Two-Year,59.96,60.4,1,19.9,0,0,0,Digital Wallet,0
CUST-01751,51,Male,65,Month-to-Month,105.24,6788.46,0,103.0,0,0,0,Credit Card,0
CUST-01752,43,Female,63,Month-to-Month,70.03,4463.27,2,296.8,0,0,0,Digital Wallet,0
CUST-01753,58,Male,54,Two-Year,87.89,4698.26,1,59.4,0,0,0,Credit Card,0
CUST-01754,66,Female,42,Month-to-Month,59.2,2446.76,2,176.2,0,0,1,Bank Transfer,1
CUST-01755,20,Male,21,Month-to-Month,46.36,950.36,0,253.0,1,0,0,Bank Transfer,0
CUST-01756,23,Male,22,One-Year,115.46,2652.59,1,176.2,2,0,0,Credit Card,0
CUST-01757,22,Male,38,Month-to-Month,80.36,3103.91,1,112.0,2,0,0,Credit Card,0
CUST-01758,22,Male,8,Month-to-Month,113.4,987.83,1,24.5,0,1,0,Credit Card,1
CUST-01759,64,Male,62,One-Year,40.34,2410.42,1,108.8,0,0,0,Bank Transfer,0
CUST-01760,40,Male,47,One-Year,34.69,1566.97,0,55.0,3,0,0,Credit Card,0
CUST-01761,66,Female,17,Two-Year,105.58,1861.79,3,288.3,1,1,0,Cash,1
CUST-01762,26,Male,17,Month-to-Month,88.09,1409.52,1,214.7,2,1,1,Credit Card,0
CUST-01763,52,Female,13,Month-to-Month,38.66,469.0,1,224.9,0,0,0,Cash,0
CUST-01764,37,Female,17,One-Year,46.94,900.75,2,131.1,0,0,1,Cash,0
CUST-01765,66,Female,38,One-Year,100.07,3754.49,1,33.4,1,0,0,Bank Transfer,0
CUST-01766,59,Female,45,Month-to-Month,65.39,2851.5,1,80.4,1,0,1,Bank Transfer,0
CUST-01767,52,Female,6,One-Year,87.05,524.67,0,78.3,0,1,0,Credit Card,0
CUST-01768,67,Male,35,Month-to-Month,51.84,1725.41,1,146.3,1,1,1,Cash,0
CUST-01769,35,Male,14,Month-to-Month,58.12,875.54,1,138.6,0,0,0,Digital Wallet,0
CUST-01770,34,Male,61,Month-to-Month,119.07,7218.53,2,130.3,0,1,0,Cash,0
CUST-01771,41,Female,15,Month-to-Month,44.76,616.64,5,149.0,1,0,1,Bank Transfer,0
CUST-01772,20,Male,54,Month-to-Month,70.65,3816.57,1,296.1,2,1,1,Cash,0
CUST-01773,49,Male,27,One-Year,104.44,2799.66,6,89.9,0,1,0,Bank Transfer,0
CUST-01774,52,Male,13,One-Year,43.92,583.58,1,184.8,1,0,0,Cash,0
CUST-01775,55,Male,31,Two-Year,61.52,1933.2,0,72.2,0,0,0,Credit Card,0
CUST-01776,30,Male,35,Month-to-Month,81.51,2841.99,2,140.2,2,0,1,Digital Wallet,0
CUST-01777,64,Female,60,Month-to-Month,68.12,4029.13,2,60.4,1,1,1,Digital Wallet,0
CUST-01778,42,Male,6,Month-to-Month,65.95,432.23,2,167.7,1,1,0,Digital Wallet,0
CUST-01779,26,Female,69,Month-to-Month,56.25,3846.58,1,79.9,1,0,0,Bank Transfer,0
CUST-01780,21,Female,58,One-Year,78.66,4518.83,2,11.5,0,0,0,Digital Wallet,0
CUST-01781,31,Female,49,One-Year,82.44,4046.69,4,244.7,1,0,0,Credit Card,0
CUST-01782,54,Female,23,One-Year,85.33,1866.16,3,38.9,0,1,0,Bank Transfer,0
CUST-01783,51,Female,34,Month-to-Month,27.04,938.9,3,110.7,1,0,1,Bank Transfer,1
CUST-01784,28,Male,26,Month-to-Month,83.1,2170.39,0,143.4,1,0,1,Credit Card,0
CUST-01785,58,Male,47,Month-to-Month,115.32,5476.13,1,130.0,1,0,0,Digital Wallet,0
CUST-01786,20,Male,5,Month-to-Month,74.1,345.48,2,217.8,0,1,1,Credit Card,0
CUST-01787,45,Female,20,One-Year,91.53,1896.84,1,179.2,0,1,0,Credit Card,0
CUST-01788,46,Male,6,Two-Year,75.67,480.5,2,89.0,2,0,1,Bank Transfer,1
CUST-01789,26,Male,70,Month-to-Month,105.47,7381.56,2,16.0,2,0,1,Cash,1
CUST-01790,20,Female,59,One-Year,112.96,6755.47,0,230.4,1,1,0,Bank Transfer,0
CUST-01791,42,Female,64,One-Year,38.42,2463.64,3,106.1,2,1,0,Digital Wallet,0
CUST-01792,51,Female,18,Month-to-Month,63.69,1120.5,2,267.0,2,0,0,Bank Transfer,0
CUST-01793,29,Female,4,One-Year,59.24,243.15,1,118.8,0,0,1,Digital Wallet,0
CUST-01794,59,Male,17,Month-to-Month,60.52,1001.89,3,215.4,0,0,0,Credit Card,1
CUST-01795,26,Female,14,Month-to-Month,32.55,474.38,1,281.9,0,0,1,Digital Wallet,1
CUST-01796,32,Female,13,One-Year,101.36,1383.71,4,195.5,0,0,0,Bank Transfer,0
CUST-01797,57,Male,7,Two-Year,23.58,164.66,0,124.3,0,0,0,Bank Transfer,0
CUST-01798,42,Male,44,Month-to-Month,72.82,3208.59,0,170.4,0,0,0,Credit Card,0
CUST-01799,22,Female,15,Month-to-Month,86.19,1332.74,5,163.3,1,0,0,Cash,1
CUST-01800,28,Male,19,Two-Year,40.75,833.61,0,175.7,0,0,1,Digital Wallet,0
CUST-01801,51,Female,63,Two-Year,110.59,6944.54,1,44.5,0,0,1,Cash,0
CUST-01802,41,Female,35,One-Year,103.85,3643.37,1,209.7,0,0,0,Credit Card,0
CUST-01803,32,Male,35,Month-to-Month,67.11,2388.96,1,43.9,2,0,0,Credit Card,0
CUST-01804,55,Male,19,Two-Year,61.11,1177.59,1,4.9,1,0,0,Credit Card,0
CUST-01805,25,Female,20,Month-to-Month,43.66,780.1,2,187.6,0,1,1,Bank Transfer,1
CUST-01806,22,Female,35,One-Year,93.0,3304.14,2,35.5,0,0,0,Digital Wallet,0
CUST-01807,65,Female,32,Month-to-Month,33.17,1087.58,0,231.2,0,0,1,Bank Transfer,0
CUST-01808,43,Male,48,One-Year,88.02,4254.66,0,259.9,1,0,0,Credit Card,0
CUST-01809,35,Female,44,Month-to-Month,104.25,4527.39,3,283.4,1,1,1,Bank Transfer,0
CUST-01810,23,Female,24,Month-to-Month,42.85,1036.02,0,199.5,0,0,1,Digital Wallet,1
CUST-01811,54,Female,61,Month-to-Month,106.64,6547.21,0,144.9,1,0,0,Credit Card,0
CUST-01812,65,Female,17,Month-to-Month,23.33,352.58,1,106.0,1,0,1,Cash,0
CUST-01813,30,Female,71,One-Year,111.28,7869.85,3,147.5,0,0,1,Credit Card,0
CUST-01814,45,Male,50,Two-Year,31.84,1635.02,2,57.5,1,1,1,Digital Wallet,0
CUST-01815,22,Female,65,Two-Year,84.58,5464.34,1,104.9,0,0,0,Bank Transfer,0
CUST-01816,30,Female,32,Month-to-Month,45.01,1429.89,0,215.5,1,1,0,Credit Card,0
CUST-01817,34,Female,36,One-Year,103.66,3680.03,2,65.6,0,0,1,Digital Wallet,0
CUST-01818,67,Female,13,One-Year,71.23,1016.99,0,79.6,1,1,1,Bank Transfer,0
CUST-01819,57,Male,70,Month-to-Month,33.52,2372.43,0,224.9,0,0,1,Digital Wallet,0
CUST-01820,62,Male,58,Month-to-Month,77.1,4459.03,1,53.8,1,1,1,Digital Wallet,0
CUST-01821,49,Male,14,One-Year,60.79,828.94,0,74.1,1,0,0,Credit Card,1
CUST-01822,46,Female,37,Two-Year,86.14,3125.76,3,5.8,0,0,1,Digital Wallet,0
CUST-01823,68,Female,68,One-Year,108.19,7351.41,1,216.2,2,0,0,Digital Wallet,0
CUST-01824,20,Male,40,Month-to-Month,60.94,2470.85,1,185.6,0,1,1,Digital Wallet,1
CUST-01825,57,Male,59,One-Year,48.99,2849.92,2,208.5,0,0,0,Bank Transfer,0
CUST-01826,51,Male,16,Month-to-Month,21.45,348.48,1,64.7,2,0,0,Credit Card,0
CUST-01827,57,Female,62,One-Year,77.48,4785.39,1,206.4,1,0,0,Credit Card,0
CUST-01828,44,Female,4,One-Year,60.23,309.93,3,179.1,0,1,1,Cash,0
CUST-01829,30,Male,45,Month-to-Month,57.46,2553.87,1,110.2,1,0,1,Cash,0
CUST-01830,62,Male,28,Two-Year,38.29,1110.98,1,131.6,0,0,1,Bank Transfer,0
CUST-01831,50,Male,66,Month-to-Month,63.01,4228.36,2,170.6,0,1,0,Credit Card,0
CUST-01832,23,Female,31,Two-Year,118.44,3652.78,1,148.2,0,1,0,Digital Wallet,0
CUST-01833,41,Female,3,Month-to-Month,49.78,119.91,2,192.7,0,0,1,Digital Wallet,1
CUST-01834,36,Female,8,Month-to-Month,79.97,685.9,4,54.7,2,1,0,Digital Wallet,0
CUST-01835,33,Male,24,Month-to-Month,97.65,2254.54,2,162.4,2,0,1,Credit Card,1
CUST-01836,57,Male,15,Month-to-Month,94.92,1445.33,1,135.4,0,0,1,Credit Card,0
CUST-01837,45,Female,43,Month-to-Month,52.88,2195.07,1,138.6,0,1,0,Bank Transfer,0
CUST-01838,50,Male,31,One-Year,81.09,2574.91,2,141.1,0,1,1,Credit Card,0
CUST-01839,65,Female,45,One-Year,107.13,4808.25,0,264.5,1,0,1,Digital Wallet,0
CUST-01840,58,Male,66,One-Year,21.54,1417.1,2,245.7,2,0,1,Bank Transfer,0
CUST-01841,30,Male,8,Month-to-Month,63.57,472.35,3,189.1,1,0,1,Digital Wallet,0
CUST-01842,60,Male,71,One-Year,42.43,2933.39,1,215.1,0,1,1,Credit Card,0
CUST-01843,62,Male,57,Month-to-Month,58.86,3418.31,1,13.3,1,1,0,Digital Wallet,1
CUST-01844,42,Female,30,One-Year,61.6,1839.45,1,223.3,0,0,0,Bank Transfer,0
CUST-01845,59,Male,18,Month-to-Month,94.67,1864.5,1,146.1,2,1,0,Credit Card,0
CUST-01846,53,Female,69,Two-Year,29.38,1986.71,1,95.7,0,0,0,Bank Transfer,0
CUST-01847,44,Female,39,One-Year,71.26,2746.81,5,42.4,1,1,0,Bank Transfer,1
CUST-01848,55,Female,60,One-Year,76.42,4540.34,2,23.0,0,0,0,Cash,0
CUST-01849,24,Male,43,Month-to-Month,69.42,2976.25,3,13.9,2,0,1,Credit Card,0
CUST-01850,22,Female,45,Month-to-Month,93.19,4272.31,0,49.0,2,0,1,Digital Wallet,0
CUST-01851,60,Female,23,Month-to-Month,58.38,1393.25,1,9.5,0,1,0,Cash,0
CUST-01852,62,Female,69,Two-Year,114.5,7825.27,1,219.9,3,0,0,Digital Wallet,0
CUST-01853,68,Male,6,Two-Year,68.18,469.29,0,75.0,1,0,0,Digital Wallet,0
CUST-01854,48,Male,56,Month-to-Month,77.12,4352.86,0,110.9,1,1,0,Credit Card,0
CUST-01855,40,Female,4,One-Year,102.55,434.27,1,246.9,1,0,0,Bank Transfer,0
CUST-01856,59,Male,23,One-Year,47.52,1058.75,2,34.8,1,0,1,Digital Wallet,0
CUST-01857,27,Female,6,One-Year,27.52,134.62,2,250.8,3,0,1,Digital Wallet,0
CUST-01858,49,Female,32,Month-to-Month,90.78,2911.81,1,192.0,0,1,1,Bank Transfer,0
CUST-01859,60,Male,18,Month-to-Month,68.3,1201.74,2,102.9,1,0,0,Cash,0
CUST-01860,47,Female,15,Month-to-Month,109.65,1710.38,2,35.8,0,0,0,Bank Transfer,0
CUST-01861,56,Male,40,Two-Year,118.27,4701.0,2,27.9,2,0,0,Cash,0
CUST-01862,48,Male,6,Month-to-Month,59.91,262.12,2,101.0,0,1,1,Bank Transfer,0
CUST-01863,35,Female,63,Month-to-Month,61.54,3811.95,5,42.5,0,0,1,Digital Wallet,0
CUST-01864,53,Male,67,Two-Year,60.8,4011.7,1,80.7,0,0,0,Digital Wallet,0
CUST-01865,19,Male,11,One-Year,52.46,563.89,2,16.4,2,0,1,Digital Wallet,0
CUST-01866,31,Female,43,Two-Year,98.17,4232.11,1,178.7,0,0,0,Credit Card,0
CUST-01867,30,Female,17,Month-to-Month,95.9,1632.99,1,44.0,1,0,0,Credit Card,0
CUST-01868,46,Male,4,Month-to-Month,67.86,294.49,0,227.1,0,1,1,Bank Transfer,0
CUST-01869,29,Male,63,Two-Year,24.47,1529.0,0,65.8,0,0,0,Cash,0
CUST-01870,56,Female,68,Month-to-Month,50.96,3454.43,2,239.5,1,1,1,Digital Wallet,0
CUST-01871,19,Male,41,Month-to-Month,49.23,2106.02,0,57.4,0,1,0,Credit Card,0
CUST-01872,49,Male,5,Month-to-Month,101.11,565.82,1,216.5,1,0,0,Credit Card,0
CUST-01873,30,Male,32,Month-to-Month,28.76,940.74,4,100.3,1,0,0,Digital Wallet,0
CUST-01874,63,Male,70,Month-to-Month,100.57,7085.73,1,175.1,0,1,0,Bank Transfer,0
CUST-01875,44,Male,35,Two-Year,86.92,2945.89,0,12.1,0,1,0,Cash,0
CUST-01876,66,Male,22,Two-Year,93.24,2010.15,0,148.8,0,0,1,Bank Transfer,0
CUST-01877,58,Male,65,Two-Year,63.22,4087.69,1,45.0,0,0,0,Bank Transfer,0
CUST-01878,34,Female,22,Month-to-Month,87.97,1894.8,0,146.2,0,0,0,Bank Transfer,0
CUST-01879,57,Female,11,Month-to-Month,80.9,812.61,2,42.8,0,0,1,Digital Wallet,0
CUST-01880,48,Female,3,Month-to-Month,96.9,311.73,1,131.4,0,0,1,Bank Transfer,0
CUST-01881,51,Female,9,Two-Year,64.68,651.41,3,33.6,3,1,1,Credit Card,0
CUST-01882,41,Female,60,Month-to-Month,67.28,4036.16,1,66.4,1,0,1,Credit Card,0
CUST-01883,62,Male,14,One-Year,84.36,1213.45,1,178.7,0,1,1,Digital Wallet,0
CUST-01884,52,Male,18,One-Year,30.81,552.45,1,293.0,0,1,0,Credit Card,0
CUST-01885,65,Male,23,Month-to-Month,63.62,1441.18,3,135.0,2,0,1,Credit Card,1
CUST-01886,23,Male,47,Month-to-Month,117.2,5554.36,1,206.3,0,1,0,Credit Card,1
CUST-01887,36,Female,69,Two-Year,23.76,1568.03,1,162.1,1,0,0,Cash,0
CUST-01888,47,Male,47,Two-Year,51.6,2332.03,2,149.8,1,0,0,Credit Card,0
CUST-01889,24,Male,30,Month-to-Month,51.41,1470.19,1,19.9,0,0,0,Digital Wallet,0
CUST-01890,27,Female,25,Month-to-Month,83.35,2126.43,8,43.7,0,0,1,Digital Wallet,0
CUST-01891,58,Male,28,Two-Year,30.58,860.6,3,265.0,1,0,1,Digital Wallet,0
CUST-01892,49,Male,25,Month-to-Month,82.85,2090.08,3,123.3,0,1,0,Digital Wallet,0
CUST-01893,51,Female,58,Month-to-Month,29.5,1794.85,1,184.5,0,1,1,Bank Transfer,0
CUST-01894,45,Male,41,Month-to-Month,29.5,1151.33,1,158.7,1,0,1,Bank Transfer,0
CUST-01895,32,Male,25,One-Year,92.82,2380.71,3,114.0,0,1,0,Credit Card,0
CUST-01896,47,Male,48,Month-to-Month,52.41,2495.86,1,116.7,1,0,1,Bank Transfer,0
CUST-01897,54,Male,10,Month-to-Month,117.74,1149.98,4,166.9,0,0,0,Cash,0
CUST-01898,46,Male,11,Month-to-Month,23.74,265.2,0,42.8,0,0,1,Cash,0
CUST-01899,39,Female,21,One-Year,64.51,1366.6,0,116.5,0,0,0,Digital Wallet,0
CUST-01900,21,Female,45,Two-Year,31.31,1398.42,3,134.4,1,0,1,Cash,0
CUST-01901,37,Female,7,Two-Year,55.14,416.5,2,295.5,3,0,1,Cash,0
CUST-01902,49,Female,64,Two-Year,119.82,7672.74,2,105.8,1,0,0,Digital Wallet,0
CUST-01903,53,Female,64,One-Year,108.88,6958.35,1,193.6,2,0,0,Bank Transfer,0
CUST-01904,67,Female,2,Month-to-Month,24.83,28.85,1,41.7,0,1,0,Bank Transfer,0
CUST-01905,21,Male,42,Month-to-Month,76.33,3217.78,1,20.1,4,1,0,Cash,0
CUST-01906,44,Female,54,Two-Year,84.78,4510.29,1,261.5,1,1,1,Digital Wallet,0
CUST-01907,34,Female,16,Month-to-Month,40.95,601.48,2,219.4,1,0,0,Digital Wallet,1
CUST-01908,29,Male,18,Month-to-Month,34.51,602.81,2,95.6,2,1,0,Credit Card,1
CUST-01909,39,Male,59,One-Year,110.44,6543.2,3,151.6,1,1,1,Credit Card,1
CUST-01910,34,Female,16,Month-to-Month,116.88,1977.22,1,41.2,0,1,0,Credit Card,0
CUST-01911,27,Male,6,Month-to-Month,119.19,707.17,3,212.3,1,0,1,Credit Card,1
CUST-01912,18,Female,57,Two-Year,98.98,5553.15,3,21.6,1,0,0,Cash,1
CUST-01913,39,Male,47,Two-Year,86.35,4018.94,1,227.2,0,0,0,Credit Card,0
CUST-01914,43,Female,48,Month-to-Month,54.57,2652.3,1,164.3,0,0,0,Bank Transfer,0
CUST-01915,35,Male,42,Two-Year,37.14,1511.37,1,84.0,0,0,1,Credit Card,0
CUST-01916,67,Male,60,One-Year,27.9,1608.71,0,258.8,0,1,0,Credit Card,0
CUST-01917,31,Female,4,One-Year,89.33,390.0,1,295.8,1,1,0,Credit Card,0
CUST-01918,64,Female,2,Month-to-Month,98.47,220.18,1,76.7,3,0,0,Cash,1
CUST-01919,46,Female,59,Month-to-Month,102.65,5982.72,0,242.0,1,0,1,Digital Wallet,0
CUST-01920,29,Female,27,One-Year,111.38,2962.51,1,225.2,0,0,0,Digital Wallet,0
CUST-01921,53,Female,27,Two-Year,107.99,2977.96,2,224.3,1,0,1,Cash,0
CUST-01922,52,Male,7,One-Year,119.97,882.43,0,287.2,2,0,0,Cash,0
CUST-01923,69,Female,63,Month-to-Month,44.41,2737.96,2,146.2,0,1,0,Bank Transfer,0
CUST-01924,29,Female,46,Month-to-Month,96.33,4331.74,1,202.4,1,0,0,Credit Card,0
CUST-01925,24,Male,63,Two-Year,78.65,4968.38,1,247.3,1,1,0,Credit Card,1
CUST-01926,46,Male,12,Month-to-Month,46.12,538.64,1,144.1,0,1,1,Credit Card,1
CUST-01927,28,Female,13,One-Year,118.19,1545.56,2,144.7,0,1,0,Credit Card,0
CUST-01928,50,Male,43,Month-to-Month,109.79,4752.7,1,95.9,0,0,1,Bank Transfer,0
CUST-01929,23,Male,17,Month-to-Month,32.85,510.64,1,234.4,0,0,0,Credit Card,0
CUST-01930,64,Female,63,One-Year,22.62,1403.45,1,206.0,0,0,1,Cash,0
CUST-01931,32,Male,36,One-Year,88.83,3152.93,0,135.6,0,0,0,Digital Wallet,0
CUST-01932,49,Male,8,Month-to-Month,80.41,600.12,0,126.1,2,0,1,Credit Card,1
CUST-01933,68,Female,69,Month-to-Month,113.58,7865.26,0,22.2,1,1,0,Digital Wallet,0
CUST-01934,28,Female,36,Two-Year,43.4,1569.6,1,2.4,1,1,1,Digital Wallet,0
CUST-01935,40,Male,28,Month-to-Month,28.44,718.17,0,158.9,0,1,0,Credit Card,0
CUST-01936,43,Male,47,One-Year,45.92,2194.5,3,125.5,0,0,0,Digital Wallet,0
CUST-01937,51,Female,30,Two-Year,21.89,639.2,1,238.9,0,0,0,Credit Card,0
CUST-01938,63,Male,23,Month-to-Month,23.59,581.13,3,163.0,0,0,1,Credit Card,0
CUST-01939,51,Male,16,Two-Year,111.49,1733.1,2,281.0,2,0,0,Bank Transfer,0
CUST-01940,46,Male,14,Month-to-Month,55.2,726.52,2,59.2,2,1,1,Bank Transfer,0
CUST-01941,21,Female,71,One-Year,61.08,4349.27,2,297.1,1,0,0,Credit Card,0
CUST-01942,34,Male,52,Month-to-Month,21.84,1080.86,1,89.7,1,0,1,Bank Transfer,0
CUST-01943,52,Male,37,Two-Year,47.05,1727.11,1,192.9,0,1,1,Cash,0
CUST-01944,30,Female,29,Month-to-Month,100.47,2853.13,2,150.8,2,0,0,Digital Wallet,0
CUST-01945,58,Male,67,Month-to-Month,81.55,5444.28,2,108.2,2,1,0,Digital Wallet,0
CUST-01946,56,Male,15,Two-Year,95.38,1429.11,2,42.2,1,0,0,Digital Wallet,0
CUST-01947,32,Female,47,One-Year,64.72,3042.6,4,40.9,0,1,0,Digital Wallet,0
CUST-01948,46,Female,46,One-Year,50.97,2326.38,3,213.6,4,0,0,Credit Card,0
CUST-01949,46,Female,52,Month-to-Month,68.28,3567.23,2,113.6,0,0,1,Cash,0
CUST-01950,28,Female,19,One-Year,52.31,1001.28,1,288.4,2,0,1,Digital Wallet,0
CUST-01951,69,Male,21,Month-to-Month,103.9,2177.43,1,98.0,0,1,0,Credit Card,0
CUST-01952,49,Male,64,Month-to-Month,49.77,3153.99,1,295.1,1,1,0,Bank Transfer,0
CUST-01953,19,Female,37,One-Year,85.98,3234.67,2,62.0,0,0,0,Digital Wallet,0
CUST-01954,64,Female,27,Month-to-Month,33.7,929.21,0,31.3,3,1,0,Credit Card,0
CUST-01955,31,Male,55,Two-Year,88.69,4826.14,3,94.1,0,1,0,Credit Card,0
CUST-01956,37,Female,29,Two-Year,111.33,3261.01,2,265.7,1,0,1,Credit Card,0
CUST-01957,39,Male,20,One-Year,80.86,1660.97,1,156.8,2,1,1,Cash,0
CUST-01958,28,Female,25,Two-Year,75.99,1895.67,0,41.1,1,0,0,Credit Card,0
CUST-01959,44,Male,70,One-Year,116.11,8126.95,0,61.1,1,0,0,Credit Card,0
CUST-01960,20,Female,63,Month-to-Month,82.74,5109.68,1,93.7,0,0,0,Credit Card,0
CUST-01961,34,Female,36,One-Year,45.96,1612.39,0,177.3,0,0,1,Digital Wallet,0
CUST-01962,61,Male,2,Month-to-Month,49.24,140.66,1,100.0,2,0,0,Cash,0
CUST-01963,45,Female,22,Month-to-Month,90.53,1952.53,1,224.2,0,0,1,Bank Transfer,1
CUST-01964,46,Male,16,Two-Year,93.54,1488.65,2,185.1,1,0,1,Credit Card,0
CUST-01965,38,Male,18,One-Year,50.35,863.37,1,262.2,1,1,0,Bank Transfer,0
CUST-01966,64,Male,69,Two-Year,54.53,3774.11,1,150.5,2,0,1,Digital Wallet,0
CUST-01967,33,Male,54,Month-to-Month,119.11,6451.63,0,99.7,1,1,0,Digital Wallet,1
CUST-01968,54,Male,30,One-Year,30.2,927.02,3,298.9,0,0,1,Digital Wallet,1
CUST-01969,37,Female,45,Month-to-Month,60.46,2663.73,1,107.0,0,0,0,Credit Card,0
CUST-01970,23,Female,19,One-Year,26.24,503.9,2,128.9,2,1,1,Credit Card,1
CUST-01971,36,Male,34,One-Year,102.11,3550.57,3,242.8,1,0,1,Credit Card,0
CUST-01972,22,Female,13,One-Year,29.23,417.41,4,27.0,1,0,1,Cash,0
CUST-01973,20,Male,43,Month-to-Month,87.4,3762.87,3,116.3,1,0,0,Digital Wallet,0
CUST-01974,18,Female,62,Month-to-Month,25.65,1493.75,0,26.2,0,0,1,Digital Wallet,0
CUST-01975,55,Female,22,Month-to-Month,87.29,1907.91,3,42.2,1,0,0,Cash,1
CUST-01976,32,Female,52,One-Year,104.3,5505.92,1,1.9,2,0,0,Cash,0
CUST-01977,51,Female,52,Two-Year,59.88,3179.69,0,3.4,0,0,0,Credit Card,0
CUST-01978,52,Male,36,Month-to-Month,72.21,2622.63,1,114.4,1,1,1,Credit Card,1
CUST-01979,66,Male,19,One-Year,60.15,1106.88,2,242.8,3,1,1,Cash,0
CUST-01980,42,Female,38,Two-Year,50.05,1904.51,4,176.3,0,0,1,Cash,0
CUST-01981,41,Female,70,One-Year,100.33,7061.77,4,190.7,1,0,1,Bank Transfer,0
CUST-01982,29,Male,57,One-Year,47.2,2737.43,2,156.0,0,0,1,Cash,1
CUST-01983,35,Female,20,Two-Year,92.29,1861.43,2,246.0,2,1,1,Credit Card,0
CUST-01984,32,Male,9,Month-to-Month,40.62,408.33,2,264.2,1,0,1,Credit Card,1
CUST-01985,61,Male,32,Month-to-Month,44.99,1436.75,1,255.0,0,0,0,Bank Transfer,1
CUST-01986,33,Male,4,Month-to-Month,53.65,209.45,0,243.7,0,0,0,Digital Wallet,0
CUST-01987,44,Female,50,Two-Year,78.92,3923.05,0,55.2,2,1,0,Digital Wallet,0
CUST-01988,25,Male,5,Two-Year,65.44,348.43,0,178.4,0,0,1,Digital Wallet,0
CUST-01989,63,Female,20,One-Year,94.51,1940.22,1,174.9,1,0,1,Credit Card,0
CUST-01990,42,Male,37,Month-to-Month,41.36,1565.74,3,158.6,2,1,1,Credit Card,1
CUST-01991,34,Female,22,Month-to-Month,21.07,402.64,2,144.5,2,0,1,Cash,0
CUST-01992,46,Female,58,Month-to-Month,97.66,5606.06,0,27.2,1,1,0,Credit Card,0
CUST-01993,25,Female,68,Month-to-Month,102.16,7002.06,1,31.1,0,0,0,Digital Wallet,0
CUST-01994,32,Male,44,One-Year,25.95,1150.63,2,270.7,2,1,0,Digital Wallet,0
CUST-01995,44,Male,34,Two-Year,81.09,2767.84,0,189.2,0,0,0,Digital Wallet,0
CUST-01996,63,Female,42,Two-Year,57.82,2438.1,2,79.1,2,0,0,Cash,0
CUST-01997,67,Female,9,One-Year,99.39,982.09,1,84.2,0,0,1,Bank Transfer,0
CUST-01998,69,Female,7,Month-to-Month,107.44,729.77,3,183.3,1,0,0,Digital Wallet,0
CUST-01999,24,Male,68,Month-to-Month,105.1,7202.63,2,122.4,0,0,1,Credit Card,1
CUST-02000,20,Male,19,Month-to-Month,97.72,1868.36,2,132.7,2,0,0,Bank Transfer,1
